"Edicao (PTBR)","Edicao (EN)","Edicao (Sigla)","Card (PT)","Card (EN)",Quantidade,"Qualidade (M NM SP MP HP D)","Idioma (BR EN DE ES FR IT JP KO RU TW)","Raridade (M R U C)","Cor (W U B R G M A L)",Extras,"Card #",Comentario
"Contos da Terra Média Commander","Tales of Middle-earth Commander",ltc,"Acordar o Dragao","Wake the Dragon",1,NM,PTEN,R,M,,74,
"Contos da Terra Média Commander","Tales of Middle-earth Commander",ltc,"Alce da Floresta das Trevas","Mirkwood Elk",1,NM,PTEN,R,G,,41,
"Contos da Terra Média Commander","Tales of Middle-earth Commander",ltc,"Aldeia Fortificada","Fortified Village",1,NM,PTEN,R,L,,311,
"Contos da Terra Média Commander","Tales of Middle-earth Commander",ltc,"Alimentar o Enxame","Feed the Swarm",1,NM,PTEN,C,B,,200,
"Contos da Terra Média Commander","Tales of Middle-earth Commander",ltc,"Alquimia Proibida","Forbidden Alchemy",1,NM,PTEN,C,U,,191,
"Contos da Terra Média Commander","Tales of Middle-earth Commander",ltc,"Analise Profunda","Deep Analysis",1,NM,PTEN,C,U,,188,
"Contos da Terra Média Commander","Tales of Middle-earth Commander",ltc,"Andarilho do Pomar","Orchard Strider",1,NM,PTEN,C,G,,253,
"Contos da Terra Média Commander","Tales of Middle-earth Commander",ltc,"Anel Solar","Sol Ring",1,NM,PTEN,U,C,,284,
"Contos da Terra Média Commander","Tales of Middle-earth Commander",ltc,"Angra Tranquila","Tranquil Cove",1,NM,PTEN,C,L,,340,
"Contos da Terra Média Commander","Tales of Middle-earth Commander",ltc,"Animosidade Compartilhada","Shared Animosity",1,NM,PTEN,R,R,,226,
"Contos da Terra Média Commander","Tales of Middle-earth Commander",ltc,"Anoitecer // Alvorecer","Dusk // Dawn",1,NM,PTEN,R,W,,166,
"Contos da Terra Média Commander","Tales of Middle-earth Commander",ltc,"Antifona do Marechal","Marshal's Anthem",1,NM,PTEN,R,W,,172,
"Contos da Terra Média Commander","Tales of Middle-earth Commander",ltc,"Apelo ao Poder","Plea for Power",1,NM,PTEN,R,U,,195,
"Contos da Terra Média Commander","Tales of Middle-earth Commander",ltc,"Aprender com o Passado","Learn from the Past",1,NM,PTEN,U,U,,192,
"Contos da Terra Média Commander","Tales of Middle-earth Commander",ltc,"Aragorn, Rei de Gondor","Aragorn, King of Gondor",1,NM,PTEN,M,M,,5,
"Contos da Terra Média Commander","Tales of Middle-earth Commander",ltc,"Armadilheiro da Floresta das Trevas","Mirkwood Trapper",1,NM,PTEN,R,M,,62,
"Contos da Terra Média Commander","Tales of Middle-earth Commander",ltc,"Arqueodruida Elfo","Elvish Archdruid",1,NM,PTEN,R,G,,237,
"Contos da Terra Média Commander","Tales of Middle-earth Commander",ltc,"Arquivista de Gondor","Archivist of Gondor",1,NM,PTEN,R,U,,18,
"Contos da Terra Média Commander","Tales of Middle-earth Commander",ltc,"Arwen, Tecela da Esperanca","Arwen, Weaver of Hope",1,NM,PTEN,R,G,,35,
"Contos da Terra Média Commander","Tales of Middle-earth Commander",ltc,Asceticismo,Asceticism,1,NM,PTEN,R,G,,233,
"Contos da Terra Média Commander","Tales of Middle-earth Commander",ltc,"Atacar na Jugular","Go for the Throat",1,NM,PTEN,U,B,,201,
"Contos da Terra Média Commander","Tales of Middle-earth Commander",ltc,"Atirador da Sarjeta",Guttersnipe,1,NM,PTEN,U,R,,220,
"Contos da Terra Média Commander","Tales of Middle-earth Commander",ltc,"Ato Blasfemo","Blasphemous Act",1,NM,PTEN,R,R,,211,
"Contos da Terra Média Commander","Tales of Middle-earth Commander",ltc,"Aurora da Esperanca","Dawn of Hope",1,NM,PTEN,R,W,,164,
"Contos da Terra Média Commander","Tales of Middle-earth Commander",ltc,"Avante, Eorlingas!","Forth Eorlingas!",1,NM,PTEN,R,M,,56,
"Contos da Terra Média Commander","Tales of Middle-earth Commander",ltc,"Aves do Paraiso","Birds of Paradise",1,NM,PTEN,R,G,,235,
"Contos da Terra Média Commander","Tales of Middle-earth Commander",ltc,"Baleia Colossal","Colossal Whale",1,NM,PTEN,R,U,,186,
"Contos da Terra Média Commander","Tales of Middle-earth Commander",ltc,"Banco de Areia Isolado","Lonely Sandbar",1,NM,PTEN,U,L,,319,
"Contos da Terra Média Commander","Tales of Middle-earth Commander",ltc,"Barbarvore, Anfitriao Gracioso","Treebeard, Gracious Host",1,NM,PTEN,R,M,,73,
"Contos da Terra Média Commander","Tales of Middle-earth Commander",ltc,"Batedor de Tesouros","Treasure Nabber",1,NM,PTEN,R,R,,230,
"Contos da Terra Média Commander","Tales of Middle-earth Commander",ltc,"Belicista da Fronteira","Frontier Warmonger",1,NM,PTEN,R,R,,217,
"Contos da Terra Média Commander","Tales of Middle-earth Commander",ltc,"Beregond da Guarda","Beregond of the Guard",1,NM,PTEN,R,W,,9,
"Contos da Terra Média Commander","Tales of Middle-earth Commander",ltc,"Bijuteria do Viajante","Wayfarer's Bauble",1,NM,PTEN,C,C,,290,
"Contos da Terra Média Commander","Tales of Middle-earth Commander",ltc,"Bilbo, Aniversariante","Bilbo, Birthday Celebrant",1,NM,PTEN,R,M,,48,
"Contos da Terra Média Commander","Tales of Middle-earth Commander",ltc,"Boromir, Esperanca de Gondor","Boromir, Gondor's Hope",1,NM,PTEN,R,M,,49,
"Contos da Terra Média Commander","Tales of Middle-earth Commander",ltc,"Bosque Alagado","Flooded Grove",1,NM,PTEN,R,L,,309,
"Contos da Terra Média Commander","Tales of Middle-earth Commander",ltc,"Bosque da Petala Solar","Sunpetal Grove",1,NM,PTEN,R,L,,336,
"Contos da Terra Média Commander","Tales of Middle-earth Commander",ltc,"Bosque Murmurante","Murmuring Bosk",1,NM,PTEN,R,L,,320,
"Contos da Terra Média Commander","Tales of Middle-earth Commander",ltc,"Bosque Sereno","Tranquil Thicket",1,NM,PTEN,U,L,,341,
"Contos da Terra Média Commander","Tales of Middle-earth Commander",ltc,"Bosques Esparsos","Scattered Groves",1,NM,PTEN,R,L,,328,
"Contos da Terra Média Commander","Tales of Middle-earth Commander",ltc,"Busca Longinqua",Farseek,1,NM,PTEN,C,G,,244,
"Contos da Terra Média Commander","Tales of Middle-earth Commander",ltc,"Buscadores de Reinos","Realm Seekers",1,NM,PTEN,R,G,,258,
"Contos da Terra Média Commander","Tales of Middle-earth Commander",ltc,"Cacador de Demonio","Fiend Hunter",1,NM,PTEN,U,W,,168,
"Contos da Terra Média Commander","Tales of Middle-earth Commander",ltc,"Cacadora Calejada","Savvy Hunter",1,NM,PTEN,U,M,,271,
"Contos da Terra Média Commander","Tales of Middle-earth Commander",ltc,"Cachoeira dos Espinhos","Thornwood Falls",1,NM,PTEN,C,L,,338,
"Contos da Terra Média Commander","Tales of Middle-earth Commander",ltc,"Calice do Fluxo Perene","Everflowing Chalice",1,NM,PTEN,U,C,,278,
"Contos da Terra Média Commander","Tales of Middle-earth Commander",ltc,"Caminho da Ascendencia","Path of Ancestry",1,NM,PTEN,C,L,,322,
"Contos da Terra Média Commander","Tales of Middle-earth Commander",ltc,"Caminho para o Exilio","Path to Exile",1,NM,PTEN,U,W,,175,
"Contos da Terra Média Commander","Tales of Middle-earth Commander",ltc,"Campeoes de Minas Tirith","Champions of Minas Tirith",1,NM,PTEN,R,W,,10,
"Contos da Terra Média Commander","Tales of Middle-earth Commander",ltc,"Campo da Ruina","Field of Ruin",1,NM,PTEN,U,L,,308,
"Contos da Terra Média Commander","Tales of Middle-earth Commander",ltc,"Cancao de Earendil","Song of Earendil",1,NM,PTEN,R,M,,69,
"Contos da Terra Média Commander","Tales of Middle-earth Commander",ltc,"Cancao do Cisne","Swan Song",1,NM,PTEN,R,U,,197,
"Contos da Terra Média Commander","Tales of Middle-earth Commander",ltc,"Capela Isolada","Isolated Chapel",1,NM,PTEN,R,L,,318,
"Contos da Terra Média Commander","Tales of Middle-earth Commander",ltc,"Capita de Lossarnach","Lossarnach Captain",1,NM,PTEN,R,W,,16,
"Contos da Terra Média Commander","Tales of Middle-earth Commander",ltc,"Carcereiro do Palacio","Palace Jailer",1,NM,PTEN,U,W,,174,
"Contos da Terra Média Commander","Tales of Middle-earth Commander",ltc,"Carniceiro de Moria","Moria Scavenger",1,NM,PTEN,R,M,,63,
"Contos da Terra Média Commander","Tales of Middle-earth Commander",ltc,"Cascata de Enxofre","Sulfur Falls",1,NM,PTEN,R,L,,333,
"Contos da Terra Média Commander","Tales of Middle-earth Commander",ltc,"Catacumba Submersa","Drowned Catacomb",1,NM,PTEN,R,L,,305,
"Contos da Terra Média Commander","Tales of Middle-earth Commander",ltc,"Cavaleiros de Rohan","Riders of Rohan",1,NM,PTEN,R,M,,67,
"Contos da Terra Média Commander","Tales of Middle-earth Commander",ltc,"Celebrante do Combate","Combat Celebrant",1,NM,PTEN,M,R,,212,
"Contos da Terra Média Commander","Tales of Middle-earth Commander",ltc,"Cemiterio da Floresta","Woodland Cemetery",1,NM,PTEN,R,L,,346,
"Contos da Terra Média Commander","Tales of Middle-earth Commander",ltc,"Chamado a Unidade","Call for Unity",1,NM,PTEN,R,W,,163,
"Contos da Terra Média Commander","Tales of Middle-earth Commander",ltc,"Cidade Portuaria","Port Town",1,NM,PTEN,R,L,,323,
"Contos da Terra Média Commander","Tales of Middle-earth Commander",ltc,"Cidadela da Estepe Arenosa","Sandsteppe Citadel",1,NM,PTEN,U,L,,327,
"Contos da Terra Média Commander","Tales of Middle-earth Commander",ltc,"Cirdan, o Armador","Cirdan the Shipwright",1,NM,PTEN,R,M,,50,
"Contos da Terra Média Commander","Tales of Middle-earth Commander",ltc,"Com Ganancia Demais, Fundo Demais","Too Greedily, Too Deep",1,NM,PTEN,R,M,,72,
"Contos da Terra Média Commander","Tales of Middle-earth Commander",ltc,"Comandante do Grupo de Cerco","Siege-Gang Commander",1,NM,PTEN,R,R,,228,
"Contos da Terra Média Commander","Tales of Middle-earth Commander",ltc,"Confluencia Mistica","Mystic Confluence",1,NM,PTEN,R,U,,193,
"Contos da Terra Média Commander","Tales of Middle-earth Commander",ltc,Considerar,Consider,1,NM,PTEN,C,U,,187,
"Contos da Terra Média Commander","Tales of Middle-earth Commander",ltc,"Contradicao Arcana","Arcane Denial",1,NM,PTEN,C,U,,184,
"Contos da Terra Média Commander","Tales of Middle-earth Commander",ltc,"Convidada Voraz","Rapacious Guest",1,NM,PTEN,R,B,,28,
"Contos da Terra Média Commander","Tales of Middle-earth Commander",ltc,"Convidados do Banquete","Banquet Guests",1,NM,PTEN,R,M,,47,
"Contos da Terra Média Commander","Tales of Middle-earth Commander",ltc,"Convocacoes de Saruman","Summons of Saruman",1,NM,PTEN,R,M,,70,
"Contos da Terra Média Commander","Tales of Middle-earth Commander",ltc,"Corda de Hithlain","Hithlain Rope",1,NM,PTEN,R,C,,76,
"Contos da Terra Média Commander","Tales of Middle-earth Commander",ltc,"Corneta do Arauto","Herald's Horn",1,NM,PTEN,U,C,,280,
"Contos da Terra Média Commander","Tales of Middle-earth Commander",ltc,"Coroa de Gondor","Crown of Gondor",1,NM,PTEN,R,C,,75,
"Contos da Terra Média Commander","Tales of Middle-earth Commander",ltc,"Corsarios de Umbar","Corsairs of Umbar",1,NM,PTEN,R,U,,19,
"Contos da Terra Média Commander","Tales of Middle-earth Commander",ltc,"Corte da Ira","Court of Ire",1,NM,PTEN,R,R,,213,
"Contos da Terra Média Commander","Tales of Middle-earth Commander",ltc,"Corte Ventoveloz","Windswift Slice",1,NM,PTEN,R,G,,45,
"Contos da Terra Média Commander","Tales of Middle-earth Commander",ltc,"Cratereiro Goblin","Goblin Cratermaker",1,NM,PTEN,U,R,,218,
"Contos da Terra Média Commander","Tales of Middle-earth Commander",ltc,"Crescimento Exuberante","Rampant Growth",1,NM,PTEN,C,G,,257,
"Contos da Terra Média Commander","Tales of Middle-earth Commander",ltc,Cultivar,Cultivate,1,NM,PTEN,C,G,,236,
"Contos da Terra Média Commander","Tales of Middle-earth Commander",ltc,"Cumes dos Ventos Velozes","Windbrisk Heights",1,NM,PTEN,R,L,,345,
"Contos da Terra Média Commander","Tales of Middle-earth Commander",ltc,"Dadiva da Realizadora de Desejos","Boon of the Wish-Giver",1,NM,PTEN,U,U,,185,
"Contos da Terra Média Commander","Tales of Middle-earth Commander",ltc,"De Ervas e Coelho Ensopado","Of Herbs and Stewed Rabbit",1,NM,PTEN,R,W,,17,
"Contos da Terra Média Commander","Tales of Middle-earth Commander",ltc,Debilitar,Languish,1,NM,PTEN,R,B,,202,
"Contos da Terra Média Commander","Tales of Middle-earth Commander",ltc,"Decreto de Dor","Decree of Pain",1,NM,PTEN,R,B,,199,
"Contos da Terra Média Commander","Tales of Middle-earth Commander",ltc,"Denethor, Vidente da Pedra","Denethor, Stone Seer",1,NM,PTEN,R,U,,20,
"Contos da Terra Média Commander","Tales of Middle-earth Commander",ltc,"Derrubar os Poderosos","Fell the Mighty",1,NM,PTEN,R,W,,167,
"Contos da Terra Média Commander","Tales of Middle-earth Commander",ltc,"Desertora Humilde","Humble Defector",1,NM,PTEN,U,R,,222,
"Contos da Terra Média Commander","Tales of Middle-earth Commander",ltc,"Desertos Calcinados","Scoured Barrens",1,NM,PTEN,C,L,,329,
"Contos da Terra Média Commander","Tales of Middle-earth Commander",ltc,"Desfazer Angustiado","Anguished Unmaking",1,NM,PTEN,R,M,,265,
"Contos da Terra Média Commander","Tales of Middle-earth Commander",ltc,"Desolacao Fumegante","Ash Barrens",1,NM,PTEN,U,L,,295,
"Contos da Terra Média Commander","Tales of Middle-earth Commander",ltc,"Devocao Crescente","Increasing Devotion",1,NM,PTEN,R,W,,171,
"Contos da Terra Média Commander","Tales of Middle-earth Commander",ltc,"Diluvio Toxico","Toxic Deluge",1,NM,PTEN,R,B,,209,
"Contos da Terra Média Commander","Tales of Middle-earth Commander",ltc,"Dragao da Colina Espinhosa","Knollspine Dragon",1,NM,PTEN,R,R,,224,
"Contos da Terra Média Commander","Tales of Middle-earth Commander",ltc,"Dragao do Tesouro da Caverna","Cavern-Hoard Dragon",1,NM,PTEN,R,R,,31,
"Contos da Terra Média Commander","Tales of Middle-earth Commander",ltc,"Druida do Paraiso","Paradise Druid",1,NM,PTEN,U,G,,255,
"Contos da Terra Média Commander","Tales of Middle-earth Commander",ltc,"Elfo do Arvoredo","Arbor Elf",1,NM,PTEN,C,G,,232,
"Contos da Terra Média Commander","Tales of Middle-earth Commander",ltc,"Elfo Flautista","Elvish Piper",1,NM,PTEN,R,G,,239,
"Contos da Terra Média Commander","Tales of Middle-earth Commander",ltc,"Elfo Porto-Longinquo","Farhaven Elf",1,NM,PTEN,C,G,,243,
"Contos da Terra Média Commander","Tales of Middle-earth Commander",ltc,"Elfos da Floresta","Wood Elves",1,NM,PTEN,C,G,,263,
"Contos da Terra Média Commander","Tales of Middle-earth Commander",ltc,"Elrond do Conselho Branco","Elrond of the White Council",1,NM,PTEN,R,M,,51,
"Contos da Terra Média Commander","Tales of Middle-earth Commander",ltc,"Emboscada dos Galadhrim","Galadhrim Ambush",1,NM,PTEN,R,G,,38,
"Contos da Terra Média Commander","Tales of Middle-earth Commander",ltc,"Encarregada da Essencia","Essence Warden",1,NM,PTEN,C,G,,242,
"Contos da Terra Média Commander","Tales of Middle-earth Commander",ltc,Entreposto,"Trading Post",1,NM,PTEN,R,C,,288,
"Contos da Terra Média Commander","Tales of Middle-earth Commander",ltc,"Eomer, Rei de Rohan","Eomer, King of Rohan",1,NM,PTEN,R,M,,52,
"Contos da Terra Média Commander","Tales of Middle-earth Commander",ltc,"Eowyn, Donzela do Escudo","Eowyn, Shieldmaiden",1,NM,PTEN,M,M,,1,
"Contos da Terra Média Commander","Tales of Middle-earth Commander",ltc,"Eowyn, Donzela do Escudo (Display Commander)","Eowyn, Shieldmaiden (Display Commander)",1,NM,PTEN,M,M,,81,
"Contos da Terra Média Commander","Tales of Middle-earth Commander",ltc,"Epigrafe de Abundancia","Inscription of Abundance",1,NM,PTEN,R,G,,251,
"Contos da Terra Média Commander","Tales of Middle-earth Commander",ltc,"Erestor do Conselho","Erestor of the Council",1,NM,PTEN,R,M,,53,
"Contos da Terra Média Commander","Tales of Middle-earth Commander",ltc,"Erguer a Palicada","Raise the Palisade",1,NM,PTEN,R,U,,23,
"Contos da Terra Média Commander","Tales of Middle-earth Commander",ltc,"Escudeira Altruista","Selfless Squire",1,NM,PTEN,R,W,,176,
"Contos da Terra Média Commander","Tales of Middle-earth Commander",ltc,"Esfera do Comandante","Commander's Sphere",1,NM,PTEN,C,C,,276,
"Contos da Terra Média Commander","Tales of Middle-earth Commander",ltc,"Espadas em Arados","Swords to Plowshares",1,NM,PTEN,U,W,,178,
"Contos da Terra Média Commander","Tales of Middle-earth Commander",ltc,"Espiral de Crescimento","Growth Spiral",1,NM,PTEN,C,M,,267,
"Contos da Terra Média Commander","Tales of Middle-earth Commander",ltc,"Estandarte do Vitorioso","Vanquisher's Banner",1,NM,PTEN,R,C,,289,
"Contos da Terra Média Commander","Tales of Middle-earth Commander",ltc,"Estouro Esmagador","Overwhelming Stampede",1,NM,PTEN,R,G,,254,
"Contos da Terra Média Commander","Tales of Middle-earth Commander",ltc,"Estuario Estrangulado","Choked Estuary",1,NM,PTEN,R,L,,299,
"Contos da Terra Média Commander","Tales of Middle-earth Commander",ltc,"Executor Impiedoso","Merciless Executioner",1,NM,PTEN,U,B,,204,
"Contos da Terra Média Commander","Tales of Middle-earth Commander",ltc,"Extrair das Trevas","Extract from Darkness",1,NM,PTEN,U,M,,266,
"Contos da Terra Média Commander","Tales of Middle-earth Commander",ltc,"Faramir, Regente de Gondor","Faramir, Steward of Gondor",1,NM,PTEN,R,M,,54,
"Contos da Terra Média Commander","Tales of Middle-earth Commander",ltc,"Farol Desolado","Desolate Lighthouse",1,NM,PTEN,R,L,,303,
"Contos da Terra Média Commander","Tales of Middle-earth Commander",ltc,"Fato ou Ficcao","Fact or Fiction",1,NM,PTEN,U,U,,190,
"Contos da Terra Média Commander","Tales of Middle-earth Commander",ltc,"Fazendeiro Villa","Farmer Cotton",1,NM,PTEN,R,M,,55,
"Contos da Terra Média Commander","Tales of Middle-earth Commander",ltc,"Fera Interior","Beast Within",1,NM,PTEN,U,G,,234,
"Contos da Terra Média Commander","Tales of Middle-earth Commander",ltc,"Festanca do Ocaso","Sunset Revelry",1,NM,PTEN,U,W,,177,
"Contos da Terra Média Commander","Tales of Middle-earth Commander",ltc,"Fidelidade ao Reino","Fealty to the Realm",1,NM,PTEN,R,U,,21,
"Contos da Terra Média Commander","Tales of Middle-earth Commander",ltc,"Flagelo do Trono","Scourge of the Throne",1,NM,PTEN,M,R,,225,
"Contos da Terra Média Commander","Tales of Middle-earth Commander",ltc,"Fontes Rejuvenescedoras","Rejuvenating Springs",1,NM,PTEN,R,L,,325,
"Contos da Terra Média Commander","Tales of Middle-earth Commander",ltc,"Fontes Sulfurosas","Sulfurous Springs",1,NM,PTEN,R,L,,334,
"Contos da Terra Média Commander","Tales of Middle-earth Commander",ltc,"Forjaria do Campo de Batalha","Battlefield Forge",1,NM,PTEN,R,L,,296,
"Contos da Terra Média Commander","Tales of Middle-earth Commander",ltc,"Formacao Inquebravel","Unbreakable Formation",1,NM,PTEN,R,W,,179,
"Contos da Terra Média Commander","Tales of Middle-earth Commander",ltc,"Fortaleza Glacial","Glacial Fortress",1,NM,PTEN,R,L,,315,
"Contos da Terra Média Commander","Tales of Middle-earth Commander",ltc,"Frigideira Testada em Campo","Field-Tested Frying Pan",1,NM,PTEN,R,W,,11,
"Contos da Terra Média Commander","Tales of Middle-earth Commander",ltc,"Frisson das Possibilidades","Thrill of Possibility",1,NM,PTEN,C,R,,229,
"Contos da Terra Média Commander","Tales of Middle-earth Commander",ltc,"Frodo, Hobbit Aventureiro","Frodo, Adventurous Hobbit",1,NM,PTEN,M,M,,2,
"Contos da Terra Média Commander","Tales of Middle-earth Commander",ltc,"Frodo, Hobbit Aventureiro (Display Commander)","Frodo, Adventurous Hobbit (Display Commander)",1,NM,PTEN,M,M,,82,
"Contos da Terra Média Commander","Tales of Middle-earth Commander",ltc,Fumigar,Fumigate,1,NM,PTEN,R,W,,170,
"Contos da Terra Média Commander","Tales of Middle-earth Commander",ltc,"Galadriel, Rainha Elfica","Galadriel, Elven-Queen",1,NM,PTEN,M,M,,3,
"Contos da Terra Média Commander","Tales of Middle-earth Commander",ltc,"Galadriel, Rainha Elfica (Display Commander)","Galadriel, Elven-Queen (Display Commander)",1,NM,PTEN,M,M,,83,
"Contos da Terra Média Commander","Tales of Middle-earth Commander",ltc,"Gandalf, Viajante Rumo ao Oeste","Gandalf, Westward Voyager",1,NM,PTEN,M,M,,6,
"Contos da Terra Média Commander","Tales of Middle-earth Commander",ltc,"Ganso Dourado","Gilded Goose",1,NM,PTEN,R,G,,246,
"Contos da Terra Média Commander","Tales of Middle-earth Commander",ltc,"Gilraen, Protetora Dunedain","Gilraen, Dunedain Protector",1,NM,PTEN,R,W,,13,
"Contos da Terra Média Commander","Tales of Middle-earth Commander",ltc,"Gimli das Cavernas Cintilantes","Gimli of the Glittering Caves",1,NM,PTEN,R,R,,32,
"Contos da Terra Média Commander","Tales of Middle-earth Commander",ltc,"Gollum, Espreitador Obcecado","Gollum, Obsessed Stalker",1,NM,PTEN,R,B,,26,
"Contos da Terra Média Commander","Tales of Middle-earth Commander",ltc,"Grande Carvalho Guardiao","Great Oak Guardian",1,NM,PTEN,U,G,,247,
"Contos da Terra Média Commander","Tales of Middle-earth Commander",ltc,"Grevas Faiscantes","Lightning Greaves",1,NM,PTEN,U,C,,281,
"Contos da Terra Média Commander","Tales of Middle-earth Commander",ltc,"Grima, Lacaio de Saruman","Grima, Saruman's Footman",1,NM,PTEN,R,M,,57,
"Contos da Terra Média Commander","Tales of Middle-earth Commander",ltc,"Gwaihir, a Maior das Aguias","Gwaihir, Greatest of the Eagles",1,NM,PTEN,R,W,,15,
"Contos da Terra Média Commander","Tales of Middle-earth Commander",ltc,"Haldir, Tenente de Lorien","Haldir, Lorien Lieutenant",1,NM,PTEN,R,G,,39,
"Contos da Terra Média Commander","Tales of Middle-earth Commander",ltc,Harmonizar,Harmonize,1,NM,PTEN,U,G,,248,
"Contos da Terra Média Commander","Tales of Middle-earth Commander",ltc,"Hobbit Glutao","Feasting Hobbit",1,NM,PTEN,R,G,,37,
"Contos da Terra Média Commander","Tales of Middle-earth Commander",ltc,"Impeto Brilhante","Shiny Impetus",1,NM,PTEN,U,R,,227,
"Contos da Terra Média Commander","Tales of Middle-earth Commander",ltc,"Incursao de Cripta","Crypt Incursion",1,NM,PTEN,C,B,,198,
"Contos da Terra Média Commander","Tales of Middle-earth Commander",ltc,"Intervencao Heroica","Heroic Intervention",1,NM,PTEN,R,G,,249,
"Contos da Terra Média Commander","Tales of Middle-earth Commander",ltc,Ira,Anger,1,NM,PTEN,U,R,,210,
"Contos da Terra Média Commander","Tales of Middle-earth Commander",ltc,"Juramento de Eorl","Oath of Eorl",1,NM,PTEN,R,M,,64,
"Contos da Terra Média Commander","Tales of Middle-earth Commander",ltc,"Ladrao de Nocao","Notion Thief",1,NM,PTEN,R,M,,270,
"Contos da Terra Média Commander","Tales of Middle-earth Commander",ltc,"Lamina de Heranca","Heirloom Blade",1,NM,PTEN,U,C,,279,
"Contos da Terra Média Commander","Tales of Middle-earth Commander",ltc,"Lamina de Lothlorien","Lothlorien Blade",1,NM,PTEN,R,C,,77,
"Contos da Terra Média Commander","Tales of Middle-earth Commander",ltc,"Lanterna Cromatica","Chromatic Lantern",1,NM,PTEN,R,C,,275,
"Contos da Terra Média Commander","Tales of Middle-earth Commander",ltc,"Laracna, Tecela Macabra","Shelob, Dread Weaver",1,NM,PTEN,R,B,,29,
"Contos da Terra Média Commander","Tales of Middle-earth Commander",ltc,"Legolas Verdefolha","Legolas Greenleaf",1,NM,PTEN,R,G,,40,
"Contos da Terra Média Commander","Tales of Middle-earth Commander",ltc,"Liame da Calmafuriosa","Furycalm Snarl",1,NM,PTEN,R,L,,313,
"Contos da Terra Média Commander","Tales of Middle-earth Commander",ltc,"Liame da Luminovinha","Vineglimmer Snarl",1,NM,PTEN,R,L,,343,
"Contos da Terra Média Commander","Tales of Middle-earth Commander",ltc,"Liame da Necroflorescencia","Necroblossom Snarl",1,NM,PTEN,R,L,,321,
"Contos da Terra Média Commander","Tales of Middle-earth Commander",ltc,"Liame da Pirogeada","Frostboil Snarl",1,NM,PTEN,R,L,,312,
"Contos da Terra Média Commander","Tales of Middle-earth Commander",ltc,"Liame do Umbrolume","Shineshadow Snarl",1,NM,PTEN,R,L,,331,
"Contos da Terra Média Commander","Tales of Middle-earth Commander",ltc,Lignificar,Lignify,1,NM,PTEN,C,G,,252,
"Contos da Terra Média Commander","Tales of Middle-earth Commander",ltc,"Lobelia, Defensora de Bolsao","Lobelia, Defender of Bag End",1,NM,PTEN,R,B,,27,
"Contos da Terra Média Commander","Tales of Middle-earth Commander",ltc,"Luz Banidora","Banishing Light",1,NM,PTEN,U,W,,161,
"Contos da Terra Média Commander","Tales of Middle-earth Commander",ltc,Macegal,Brushland,1,NM,PTEN,R,L,,297,
"Contos da Terra Média Commander","Tales of Middle-earth Commander",ltc,"Mamute de Guerra Enfurecido","Rampaging War Mammoth",1,NM,PTEN,R,R,,34,
"Contos da Terra Média Commander","Tales of Middle-earth Commander",ltc,"Manto de Seda Ruflante","Whispersilk Cloak",1,NM,PTEN,U,C,,292,
"Contos da Terra Média Commander","Tales of Middle-earth Commander",ltc,"Mare da Devastacao","Devastation Tide",1,NM,PTEN,R,U,,189,
"Contos da Terra Média Commander","Tales of Middle-earth Commander",ltc,"Medico da Linha de Frente","Frontline Medic",1,NM,PTEN,R,W,,169,
"Contos da Terra Média Commander","Tales of Middle-earth Commander",ltc,"Mentor Austero","Harsh Mentor",1,NM,PTEN,R,R,,221,
"Contos da Terra Média Commander","Tales of Middle-earth Commander",ltc,"Mentor dos Humildes","Mentor of the Meek",1,NM,PTEN,R,W,,173,
"Contos da Terra Média Commander","Tales of Middle-earth Commander",ltc,"Merry, Protetor de Isengard","Merry, Warden of Isengard",1,NM,PTEN,R,M,,61,
"Contos da Terra Média Commander","Tales of Middle-earth Commander",ltc,"Mestre de Cerco Orc","Orcish Siegemaster",1,NM,PTEN,R,R,,33,
"Contos da Terra Média Commander","Tales of Middle-earth Commander",ltc,"Mestre de Guerra Elfo","Elvish Warmaster",1,NM,PTEN,R,G,,241,
"Contos da Terra Média Commander","Tales of Middle-earth Commander",ltc,"Mistico Elfico","Elvish Mystic",1,NM,PTEN,C,G,,238,
"Contos da Terra Média Commander","Tales of Middle-earth Commander",ltc,"Modelo de Unidade","Model of Unity",1,NM,PTEN,R,C,,78,
"Contos da Terra Média Commander","Tales of Middle-earth Commander",ltc,"Monolito de Basalto","Basalt Monolith",1,NM,PTEN,U,C,,274,
"Contos da Terra Média Commander","Tales of Middle-earth Commander",ltc,"Monstruosidade do Lago","Monstrosity of the Lake",1,NM,PTEN,R,U,,22,
"Contos da Terra Média Commander","Tales of Middle-earth Commander",ltc,"Morte Viva","Living Death",1,NM,PTEN,R,B,,203,
"Contos da Terra Média Commander","Tales of Middle-earth Commander",ltc,Mortificar,Mortify,1,NM,PTEN,U,M,,269,
"Contos da Terra Média Commander","Tales of Middle-earth Commander",ltc,"Nas Trevas Amarra-los","In the Darkness Bind Them",1,NM,PTEN,R,M,,58,
"Contos da Terra Média Commander","Tales of Middle-earth Commander",ltc,"Navegar para o Oeste","Sail into the West",1,NM,PTEN,R,M,,68,
"Contos da Terra Média Commander","Tales of Middle-earth Commander",ltc,"Necropole Despedacada","Crumbling Necropolis",1,NM,PTEN,U,L,,302,
"Contos da Terra Média Commander","Tales of Middle-earth Commander",ltc,"O Balrog de Moria","The Balrog of Moria",1,NM,PTEN,R,M,,46,
"Contos da Terra Média Commander","Tales of Middle-earth Commander",ltc,"O Feitor","The Gaffer",1,NM,PTEN,R,W,,12,
"Contos da Terra Média Commander","Tales of Middle-earth Commander",ltc,"O Portao Negro","The Black Gate",1,NM,PTEN,R,L,,80,
"Contos da Terra Média Commander","Tales of Middle-earth Commander",ltc,"Oferenda Silvestre","Sylvan Offering",1,NM,PTEN,R,G,,261,
"Contos da Terra Média Commander","Tales of Middle-earth Commander",ltc,"Olhar Sem Palpebras","Lidless Gaze",1,NM,PTEN,R,M,,59,
"Contos da Terra Média Commander","Tales of Middle-earth Commander",ltc,"Onda de Genese","Genesis Wave",1,NM,PTEN,R,G,,245,
"Contos da Terra Média Commander","Tales of Middle-earth Commander",ltc,Optar,Opt,1,NM,PTEN,C,U,,194,
"Contos da Terra Média Commander","Tales of Middle-earth Commander",ltc,"Pacto de Sangue","Sanguine Bond",1,NM,PTEN,R,B,,208,
"Contos da Terra Média Commander","Tales of Middle-earth Commander",ltc,"Pantano Ardente","Smoldering Marsh",1,NM,PTEN,R,L,,332,
"Contos da Terra Média Commander","Tales of Middle-earth Commander",ltc,"Passagem do Ladino","Rogue's Passage",1,NM,PTEN,U,L,,326,
"Contos da Terra Média Commander","Tales of Middle-earth Commander",ltc,"Patio Reservado","Secluded Courtyard",1,NM,PTEN,U,L,,330,
"Contos da Terra Média Commander","Tales of Middle-earth Commander",ltc,"Patrulheiros dos Confins","Verge Rangers",1,NM,PTEN,R,W,,180,
"Contos da Terra Média Commander","Tales of Middle-earth Commander",ltc,"Pedido de Ajuda","Call for Aid",1,NM,PTEN,R,R,,30,
"Contos da Terra Média Commander","Tales of Middle-earth Commander",ltc,"Pedra da Mente","Mind Stone",1,NM,PTEN,U,C,,282,
"Contos da Terra Média Commander","Tales of Middle-earth Commander",ltc,"Pedra de Energia Gasta","Worn Powerstone",1,NM,PTEN,U,C,,293,
"Contos da Terra Média Commander","Tales of Middle-earth Commander",ltc,"Penhasco Marcado pelo Vento","Wind-Scarred Crag",1,NM,PTEN,C,L,,344,
"Contos da Terra Média Commander","Tales of Middle-earth Commander",ltc,"Pico da Caveira de Dragao","Dragonskull Summit",1,NM,PTEN,R,L,,304,
"Contos da Terra Média Commander","Tales of Middle-earth Commander",ltc,"Pilhagem Infiel","Faithless Looting",1,NM,PTEN,C,R,,215,
"Contos da Terra Média Commander","Tales of Middle-earth Commander",ltc,"Pippin, Protetor de Isengard","Pippin, Warden of Isengard",1,NM,PTEN,R,M,,65,
"Contos da Terra Média Commander","Tales of Middle-earth Commander",ltc,"Poco dos Sonhos Perdidos","Well of Lost Dreams",1,NM,PTEN,R,C,,291,
"Contos da Terra Média Commander","Tales of Middle-earth Commander",ltc,"Pomar Exotico","Exotic Orchard",1,NM,PTEN,R,L,,307,
"Contos da Terra Média Commander","Tales of Middle-earth Commander",ltc,"Ponei Motivado","Motivated Pony",1,NM,PTEN,R,G,,42,
"Contos da Terra Média Commander","Tales of Middle-earth Commander",ltc,"Porco de Competicao","Prize Pig",1,NM,PTEN,R,G,,43,
"Contos da Terra Média Commander","Tales of Middle-earth Commander",ltc,"Porta dos Destinos","Door of Destinies",1,NM,PTEN,R,C,,277,
"Contos da Terra Média Commander","Tales of Middle-earth Commander",ltc,"Porto do Interior","Hinterland Harbor",1,NM,PTEN,R,L,,317,
"Contos da Terra Média Commander","Tales of Middle-earth Commander",ltc,"Prender os Intrusos","Trap the Trespassers",1,NM,PTEN,R,U,,25,
"Contos da Terra Média Commander","Tales of Middle-earth Commander",ltc,Preordenar,Preordain,1,NM,PTEN,C,U,,196,
"Contos da Terra Média Commander","Tales of Middle-earth Commander",ltc,"Primaz Desmatador","Woodfall Primus",1,NM,PTEN,R,G,,264,
"Contos da Terra Média Commander","Tales of Middle-earth Commander",ltc,"Protetora do Bastiao","Bastion Protector",1,NM,PTEN,R,W,,162,
"Contos da Terra Média Commander","Tales of Middle-earth Commander",ltc,"Provisionista Incansavel","Tireless Provisioner",1,NM,PTEN,U,G,,262,
"Contos da Terra Média Commander","Tales of Middle-earth Commander",ltc,"Provocar das Ameias","Taunt from the Rampart",1,NM,PTEN,R,M,,71,
"Contos da Terra Média Commander","Tales of Middle-earth Commander",ltc,"Quarteirao Fantasma","Ghost Quarter",1,NM,PTEN,U,L,,314,
"Contos da Terra Média Commander","Tales of Middle-earth Commander",ltc,"Queridos Defuntos","Dearly Departed",1,NM,PTEN,R,W,,165,
"Contos da Terra Média Commander","Tales of Middle-earth Commander",ltc,"Radagast, Mago das Matas","Radagast, Wizard of Wilds",1,NM,PTEN,R,M,,66,
"Contos da Terra Média Commander","Tales of Middle-earth Commander",ltc,Reanimar,Reanimate,1,NM,PTEN,R,B,,206,
"Contos da Terra Média Commander","Tales of Middle-earth Commander",ltc,"Receptaculo de Pensamentos","Thought Vessel",1,NM,PTEN,C,C,,287,
"Contos da Terra Média Commander","Tales of Middle-earth Commander",ltc,"Recrutas Zelosos","Zealous Conscripts",1,NM,PTEN,R,R,,231,
"Contos da Terra Média Commander","Tales of Middle-earth Commander",ltc,"Reforcos da Hoste Cinzenta","Grey Host Reinforcements",1,NM,PTEN,R,W,,14,
"Contos da Terra Média Commander","Tales of Middle-earth Commander",ltc,"Refugio de Pele-Cinza","Graypelt Refuge",1,NM,PTEN,U,L,,316,
"Contos da Terra Média Commander","Tales of Middle-earth Commander",ltc,"Reliquia de Sauron","Relic of Sauron",1,NM,PTEN,R,C,,79,
"Contos da Terra Média Commander","Tales of Middle-earth Commander",ltc,"Retiro da Falesia","Clifftop Retreat",1,NM,PTEN,R,L,,300,
"Contos da Terra Média Commander","Tales of Middle-earth Commander",ltc,"Reunir o Entebate","Assemble the Entmoot",1,NM,PTEN,R,G,,36,
"Contos da Terra Média Commander","Tales of Middle-earth Commander",ltc,"Riacho da Floresta","Woodland Stream",1,NM,PTEN,C,L,,347,
"Contos da Terra Média Commander","Tales of Middle-earth Commander",ltc,"Riacho da Pradaria","Prairie Stream",1,NM,PTEN,R,L,,324,
"Contos da Terra Média Commander","Tales of Middle-earth Commander",ltc,"Rio Subterraneo","Underground River",1,NM,PTEN,R,L,,342,
"Contos da Terra Média Commander","Tales of Middle-earth Commander",ltc,"Ruinas Agourentas","Foreboding Ruins",1,NM,PTEN,R,L,,310,
"Contos da Terra Média Commander","Tales of Middle-earth Commander",ltc,"Sabio da Reivindicacao","Reclamation Sage",1,NM,PTEN,U,G,,259,
"Contos da Terra Média Commander","Tales of Middle-earth Commander",ltc,"Sam, Ajudante Leal","Sam, Loyal Attendant",1,NM,PTEN,M,M,,7,
"Contos da Terra Média Commander","Tales of Middle-earth Commander",ltc,"Saqueador Flamigero","Flamerush Rider",1,NM,PTEN,R,R,,216,
"Contos da Terra Média Commander","Tales of Middle-earth Commander",ltc,"Saruman, A Mao Branca","Saruman, the White Hand",1,NM,PTEN,M,M,,8,
"Contos da Terra Média Commander","Tales of Middle-earth Commander",ltc,"Sauron, Senhor dos Aneis","Sauron, Lord of the Rings",1,NM,PTEN,M,M,,4,
"Contos da Terra Média Commander","Tales of Middle-earth Commander",ltc,"Sauron, Senhor dos Aneis (Display Commander)","Sauron, Lord of the Rings (Display Commander)",1,NM,PTEN,M,M,,84,
"Contos da Terra Média Commander","Tales of Middle-earth Commander",ltc,"Sementes da Renovacao","Seeds of Renewal",1,NM,PTEN,R,G,,260,
"Contos da Terra Média Commander","Tales of Middle-earth Commander",ltc,"Senhor dos Nazgul","Lord of the Nazgul",1,NM,PTEN,R,M,,60,
"Contos da Terra Média Commander","Tales of Middle-earth Commander",ltc,"Sineiro da Aldeia","Village Bell-Ringer",1,NM,PTEN,C,W,,181,
"Contos da Terra Média Commander","Tales of Middle-earth Commander",ltc,"Sinete Arcano","Arcane Signet",1,NM,PTEN,C,C,,273,
"Contos da Terra Média Commander","Tales of Middle-earth Commander",ltc,"Sol Ring (Dwarven)","Sol Ring (Dwarven)",1,NM,PTEN,M,C,,409,
"Contos da Terra Média Commander","Tales of Middle-earth Commander",ltc,"Sol Ring (Elven)","Sol Ring (Elven)",1,NM,PTEN,M,C,,408,
"Contos da Terra Média Commander","Tales of Middle-earth Commander",ltc,"Sol Ring (Human)","Sol Ring (Human)",1,NM,PTEN,M,C,,410,
"Contos da Terra Média Commander","Tales of Middle-earth Commander",ltc,"Subjugar os Hobbits","Subjugate the Hobbits",1,NM,PTEN,R,U,,24,
"Contos da Terra Média Commander","Tales of Middle-earth Commander",ltc,"Sussurro da Noite","Night's Whisper",1,NM,PTEN,C,B,,205,
"Contos da Terra Média Commander","Tales of Middle-earth Commander",ltc,"Talisma da Conviccao","Talisman of Conviction",1,NM,PTEN,U,C,,285,
"Contos da Terra Média Commander","Tales of Middle-earth Commander",ltc,"Talisma do Progresso","Talisman of Progress",1,NM,PTEN,U,C,,286,
"Contos da Terra Média Commander","Tales of Middle-earth Commander",ltc,"Talisma Imaculado","Pristine Talisman",1,NM,PTEN,C,C,,283,
"Contos da Terra Média Commander","Tales of Middle-earth Commander",ltc,"Taverneiro Prospero","Prosperous Innkeeper",1,NM,PTEN,U,G,,256,
"Contos da Terra Média Commander","Tales of Middle-earth Commander",ltc,"Terras em Desenvolvimento","Evolving Wilds",1,NM,PTEN,C,L,,306,
"Contos da Terra Média Commander","Tales of Middle-earth Commander",ltc,Terremoto,Earthquake,1,NM,PTEN,R,R,,214,
"Contos da Terra Média Commander","Tales of Middle-earth Commander",ltc,"Tita do Inferno","Inferno Titan",1,NM,PTEN,M,R,,223,
"Contos da Terra Média Commander","Tales of Middle-earth Commander",ltc,"Tomadora de Refens","Hostage Taker",1,NM,PTEN,R,M,,268,
"Contos da Terra Média Commander","Tales of Middle-earth Commander",ltc,"Torre de Comando","Command Tower",1,NM,PTEN,C,L,,301,
"Contos da Terra Média Commander","Tales of Middle-earth Commander",ltc,"Travessia de Caradhras","Travel Through Caradhras",1,NM,PTEN,R,G,,44,
"Contos da Terra Média Commander","Tales of Middle-earth Commander",ltc,"Trono da Cidade Alta","Throne of the High City",1,NM,PTEN,R,L,,339,
"Contos da Terra Média Commander","Tales of Middle-earth Commander",ltc,"Tunel de Acesso","Access Tunnel",1,NM,PTEN,U,L,,294,
"Contos da Terra Média Commander","Tales of Middle-earth Commander",ltc,"Umbrigeos Goblins","Goblin Dark-Dwellers",1,NM,PTEN,R,R,,219,
"Contos da Terra Média Commander","Tales of Middle-earth Commander",ltc,"Vale Afundado","Sunken Hollow",1,NM,PTEN,R,L,,335,
"Contos da Terra Média Commander","Tales of Middle-earth Commander",ltc,"Vastidao Morfoterrena","Terramorphic Expanse",1,NM,PTEN,C,L,,337,
"Contos da Terra Média Commander","Tales of Middle-earth Commander",ltc,"Veredito Supremo","Supreme Verdict",1,NM,PTEN,R,M,,272,
"Contos da Terra Média Commander","Tales of Middle-earth Commander",ltc,"Vespa Rainha","Hornet Queen",1,NM,PTEN,R,G,,250,
"Contos da Terra Média Commander","Tales of Middle-earth Commander",ltc,"Viajante Enrijecido","Weathered Wayfarer",1,NM,PTEN,R,W,,183,
"Contos da Terra Média Commander","Tales of Middle-earth Commander",ltc,"Vinganca dos Corvos","Revenge of Ravens",1,NM,PTEN,U,B,,207,
"Contos da Terra Média Commander","Tales of Middle-earth Commander",ltc,"Visionario Elfico","Elvish Visionary",1,NM,PTEN,C,G,,240,
"Contos da Terra Média Commander","Tales of Middle-earth Commander",ltc,"Visoes de Gloria","Visions of Glory",1,NM,PTEN,R,W,,182,
"Contos da Terra Média Commander","Tales of Middle-earth Commander",ltc,"Vista do Dossel","Canopy Vista",1,NM,PTEN,R,L,,298,
"Contos da Terra Média Commander (Borderless Hildebrandt Brothers)","Tales of Middle-earth Commander (Borderless Hildebrandt Brothers)",bhltc,Adoracao,Worship,1,NM,PTEN,R,W,,522,
"Contos da Terra Média Commander (Borderless Hildebrandt Brothers)","Tales of Middle-earth Commander (Borderless Hildebrandt Brothers)",bhltc,"Anunciadora Elfica","Elvish Harbinger",1,NM,PTEN,U,G,,527,
"Contos da Terra Média Commander (Borderless Hildebrandt Brothers)","Tales of Middle-earth Commander (Borderless Hildebrandt Brothers)",bhltc,"Curadora de Alma","Soul's Attendant",1,NM,PTEN,U,W,,520,
"Contos da Terra Média Commander (Borderless Hildebrandt Brothers)","Tales of Middle-earth Commander (Borderless Hildebrandt Brothers)",bhltc,,"Edoras, Capital of Rohan // Hammerheim",1,NM,PTEN,R,R,,518,
"Contos da Terra Média Commander (Borderless Hildebrandt Brothers)","Tales of Middle-earth Commander (Borderless Hildebrandt Brothers)",bhltc,"Estacoes Passadas","Seasons Past",1,NM,PTEN,R,G,,529,
"Contos da Terra Média Commander (Borderless Hildebrandt Brothers)","Tales of Middle-earth Commander (Borderless Hildebrandt Brothers)",bhltc,Explorar,Explore,1,NM,PTEN,U,G,,528,
"Contos da Terra Média Commander (Borderless Hildebrandt Brothers)","Tales of Middle-earth Commander (Borderless Hildebrandt Brothers)",bhltc,"Gigante Talha-Pedra","Stonehewer Giant",1,NM,PTEN,R,W,,521,
"Contos da Terra Média Commander (Borderless Hildebrandt Brothers)","Tales of Middle-earth Commander (Borderless Hildebrandt Brothers)",bhltc,"Intento Diabolico","Diabolic Intent",1,NM,PTEN,M,B,,526,
"Contos da Terra Média Commander (Borderless Hildebrandt Brothers)","Tales of Middle-earth Commander (Borderless Hildebrandt Brothers)",bhltc,"Kelpie do Rio","River Kelpie",1,NM,PTEN,R,U,,524,
"Contos da Terra Média Commander (Borderless Hildebrandt Brothers)","Tales of Middle-earth Commander (Borderless Hildebrandt Brothers)",bhltc,"Pacto de Negacao","Pact of Negation",1,NM,PTEN,R,U,,523,
"Contos da Terra Média Commander (Borderless Hildebrandt Brothers)","Tales of Middle-earth Commander (Borderless Hildebrandt Brothers)",bhltc,"Paisagem Infinita","Myriad Landscape",1,NM,PTEN,U,L,,534,
"Contos da Terra Média Commander (Borderless Hildebrandt Brothers)","Tales of Middle-earth Commander (Borderless Hildebrandt Brothers)",bhltc,"Perseguidor Abissal","Abyssal Persecutor",1,NM,PTEN,M,B,,525,
"Contos da Terra Média Commander (Borderless Hildebrandt Brothers)","Tales of Middle-earth Commander (Borderless Hildebrandt Brothers)",bhltc,"Protetor de Troncos","Timber Protector",1,NM,PTEN,R,G,,533,
"Contos da Terra Média Commander (Borderless Hildebrandt Brothers)","Tales of Middle-earth Commander (Borderless Hildebrandt Brothers)",bhltc,"Segunda Colheita","Second Harvest",1,NM,PTEN,R,G,,530,
"Contos da Terra Média Commander (Borderless Hildebrandt Brothers)","Tales of Middle-earth Commander (Borderless Hildebrandt Brothers)",bhltc,,"Shelob, Whose Lair Is Death // Ishkanah, Grafwidow",1,NM,PTEN,M,G,,516,
"Contos da Terra Média Commander (Borderless Hildebrandt Brothers)","Tales of Middle-earth Commander (Borderless Hildebrandt Brothers)",bhltc,,"Sylvan Tutor",1,NM,PTEN,M,G,,531,
"Contos da Terra Média Commander (Borderless Hildebrandt Brothers)","Tales of Middle-earth Commander (Borderless Hildebrandt Brothers)",bhltc,"Tentacao da Descoberta","Tempt with Discovery",1,NM,PTEN,U,G,,532,
"Contos da Terra Média Commander (Borderless Hildebrandt Brothers)","Tales of Middle-earth Commander (Borderless Hildebrandt Brothers)",bhltc,,"Theoden, Strength Restored // Kenrith, the Returned King",1,NM,PTEN,M,W,,515,
"Contos da Terra Média Commander (Borderless Hildebrandt Brothers)","Tales of Middle-earth Commander (Borderless Hildebrandt Brothers)",bhltc,,"Tower of Cirith Ungol // Urborg",1,NM,PTEN,R,L,,519,
"Contos da Terra Média Commander (Borderless Hildebrandt Brothers)","Tales of Middle-earth Commander (Borderless Hildebrandt Brothers)",bhltc,,"Treebeard, Eldest of Ents // Doran, the Siege Tower",1,NM,PTEN,R,M,,517,
"Contos da Terra Média Commander (Borderless Scene Surge Foil)","Tales of Middle-earth Commander (Borderless Scene Surge Foil)",bsltc,,"Anduril, Narsil Reforged",1,NM,PTEN,R,C,,535,
"Contos da Terra Média Commander (Borderless Scene Surge Foil)","Tales of Middle-earth Commander (Borderless Scene Surge Foil)",bsltc,,"Aragorn, Hornburg Hero",1,NM,PTEN,M,M,,536,
"Contos da Terra Média Commander (Borderless Scene Surge Foil)","Tales of Middle-earth Commander (Borderless Scene Surge Foil)",bsltc,,"Arboreal Alliance",1,NM,PTEN,R,G,,541,
"Contos da Terra Média Commander (Borderless Scene Surge Foil)","Tales of Middle-earth Commander (Borderless Scene Surge Foil)",bsltc,,"Call Forth the Tempest",1,NM,PTEN,R,R,,553,
"Contos da Terra Média Commander (Borderless Scene Surge Foil)","Tales of Middle-earth Commander (Borderless Scene Surge Foil)",bsltc,,"Courageous Resolve",1,NM,PTEN,R,W,,550,
"Contos da Terra Média Commander (Borderless Scene Surge Foil)","Tales of Middle-earth Commander (Borderless Scene Surge Foil)",bsltc,,"Fell Beast of Mordor",1,NM,PTEN,R,B,,557,
"Contos da Terra Média Commander (Borderless Scene Surge Foil)","Tales of Middle-earth Commander (Borderless Scene Surge Foil)",bsltc,,"Fell Beast's Shriek",1,NM,PTEN,R,M,,552,
"Contos da Terra Média Commander (Borderless Scene Surge Foil)","Tales of Middle-earth Commander (Borderless Scene Surge Foil)",bsltc,,"Galadhrim Brigade",1,NM,PTEN,R,G,,546,
"Contos da Terra Média Commander (Borderless Scene Surge Foil)","Tales of Middle-earth Commander (Borderless Scene Surge Foil)",bsltc,,"Galadriel's Dismissal",1,NM,PTEN,R,W,,544,
"Contos da Terra Média Commander (Borderless Scene Surge Foil)","Tales of Middle-earth Commander (Borderless Scene Surge Foil)",bsltc,,"Galadriel, Light of Valinor",1,NM,PTEN,M,M,,542,
"Contos da Terra Média Commander (Borderless Scene Surge Foil)","Tales of Middle-earth Commander (Borderless Scene Surge Foil)",bsltc,,"Gandalf of the Secret Fire",1,NM,PTEN,M,M,,551,
"Contos da Terra Média Commander (Borderless Scene Surge Foil)","Tales of Middle-earth Commander (Borderless Scene Surge Foil)",bsltc,,"Gimli's Reckless Might",1,NM,PTEN,R,R,,538,
"Contos da Terra Média Commander (Borderless Scene Surge Foil)","Tales of Middle-earth Commander (Borderless Scene Surge Foil)",bsltc,,"Isengard Unleashed",1,NM,PTEN,R,R,,539,
"Contos da Terra Média Commander (Borderless Scene Surge Foil)","Tales of Middle-earth Commander (Borderless Scene Surge Foil)",bsltc,,"Legolas's Quick Reflexes",1,NM,PTEN,R,G,,537,
"Contos da Terra Média Commander (Borderless Scene Surge Foil)","Tales of Middle-earth Commander (Borderless Scene Surge Foil)",bsltc,,"Minas Morgul, Dark Fortress",1,NM,PTEN,R,L,,558,
"Contos da Terra Média Commander (Borderless Scene Surge Foil)","Tales of Middle-earth Commander (Borderless Scene Surge Foil)",bsltc,,"Mists of Lorien",1,NM,PTEN,R,U,,545,
"Contos da Terra Média Commander (Borderless Scene Surge Foil)","Tales of Middle-earth Commander (Borderless Scene Surge Foil)",bsltc,,"Mordor on the March",1,NM,PTEN,R,M,,556,
"Contos da Terra Média Commander (Borderless Scene Surge Foil)","Tales of Middle-earth Commander (Borderless Scene Surge Foil)",bsltc,,"Nazgul Battle-Mace",1,NM,PTEN,R,C,,554,
"Contos da Terra Média Commander (Borderless Scene Surge Foil)","Tales of Middle-earth Commander (Borderless Scene Surge Foil)",bsltc,,"Olorin's Searing Light",1,NM,PTEN,R,M,,547,
"Contos da Terra Média Commander (Borderless Scene Surge Foil)","Tales of Middle-earth Commander (Borderless Scene Surge Foil)",bsltc,,"Rally the Galadhrim",1,NM,PTEN,R,M,,543,
"Contos da Terra Média Commander (Borderless Scene Surge Foil)","Tales of Middle-earth Commander (Borderless Scene Surge Foil)",bsltc,,"Rammas Echor, Ancient Shield",1,NM,PTEN,R,W,,549,
"Contos da Terra Média Commander (Borderless Scene Surge Foil)","Tales of Middle-earth Commander (Borderless Scene Surge Foil)",bsltc,,"Rohirrim Chargers",1,NM,PTEN,R,M,,540,
"Contos da Terra Média Commander (Borderless Scene Surge Foil)","Tales of Middle-earth Commander (Borderless Scene Surge Foil)",bsltc,,"Sorcerous Squall",1,NM,PTEN,R,U,,548,
"Contos da Terra Média Commander (Borderless Scene Surge Foil)","Tales of Middle-earth Commander (Borderless Scene Surge Foil)",bsltc,,"Witch-king, Sky Scourge",1,NM,PTEN,M,M,,555,
"Contos da Terra Média Commander (Borderless Scene)","Tales of Middle-earth Commander (Borderless Scene)",bltc,,"Anduril, Narsil Reforged",1,NM,PTEN,R,C,,491,
"Contos da Terra Média Commander (Borderless Scene)","Tales of Middle-earth Commander (Borderless Scene)",bltc,,"Aragorn, Hornburg Hero",1,NM,PTEN,M,M,,492,
"Contos da Terra Média Commander (Borderless Scene)","Tales of Middle-earth Commander (Borderless Scene)",bltc,,"Arboreal Alliance",1,NM,PTEN,R,G,,497,
"Contos da Terra Média Commander (Borderless Scene)","Tales of Middle-earth Commander (Borderless Scene)",bltc,,"Call Forth the Tempest",1,NM,PTEN,R,R,,509,
"Contos da Terra Média Commander (Borderless Scene)","Tales of Middle-earth Commander (Borderless Scene)",bltc,,"Courageous Resolve",1,NM,PTEN,R,W,,506,
"Contos da Terra Média Commander (Borderless Scene)","Tales of Middle-earth Commander (Borderless Scene)",bltc,,"Fell Beast of Mordor",1,NM,PTEN,R,B,,513,
"Contos da Terra Média Commander (Borderless Scene)","Tales of Middle-earth Commander (Borderless Scene)",bltc,,"Fell Beast's Shriek",1,NM,PTEN,R,M,,508,
"Contos da Terra Média Commander (Borderless Scene)","Tales of Middle-earth Commander (Borderless Scene)",bltc,,"Galadhrim Brigade",1,NM,PTEN,R,G,,502,
"Contos da Terra Média Commander (Borderless Scene)","Tales of Middle-earth Commander (Borderless Scene)",bltc,,"Galadriel's Dismissal",1,NM,PTEN,R,W,,500,
"Contos da Terra Média Commander (Borderless Scene)","Tales of Middle-earth Commander (Borderless Scene)",bltc,,"Galadriel, Light of Valinor",1,NM,PTEN,M,M,,498,
"Contos da Terra Média Commander (Borderless Scene)","Tales of Middle-earth Commander (Borderless Scene)",bltc,,"Gandalf of the Secret Fire",1,NM,PTEN,M,M,,507,
"Contos da Terra Média Commander (Borderless Scene)","Tales of Middle-earth Commander (Borderless Scene)",bltc,,"Gimli's Reckless Might",1,NM,PTEN,R,R,,494,
"Contos da Terra Média Commander (Borderless Scene)","Tales of Middle-earth Commander (Borderless Scene)",bltc,,"Isengard Unleashed",1,NM,PTEN,R,R,,495,
"Contos da Terra Média Commander (Borderless Scene)","Tales of Middle-earth Commander (Borderless Scene)",bltc,,"Legolas's Quick Reflexes",1,NM,PTEN,R,G,,493,
"Contos da Terra Média Commander (Borderless Scene)","Tales of Middle-earth Commander (Borderless Scene)",bltc,,"Minas Morgul, Dark Fortress",1,NM,PTEN,R,L,,514,
"Contos da Terra Média Commander (Borderless Scene)","Tales of Middle-earth Commander (Borderless Scene)",bltc,,"Mists of Lorien",1,NM,PTEN,R,U,,501,
"Contos da Terra Média Commander (Borderless Scene)","Tales of Middle-earth Commander (Borderless Scene)",bltc,,"Mordor on the March",1,NM,PTEN,R,M,,512,
"Contos da Terra Média Commander (Borderless Scene)","Tales of Middle-earth Commander (Borderless Scene)",bltc,,"Nazgul Battle-Mace",1,NM,PTEN,R,C,,510,
"Contos da Terra Média Commander (Borderless Scene)","Tales of Middle-earth Commander (Borderless Scene)",bltc,,"Olorin's Searing Light",1,NM,PTEN,R,M,,503,
"Contos da Terra Média Commander (Borderless Scene)","Tales of Middle-earth Commander (Borderless Scene)",bltc,,"Rally the Galadhrim",1,NM,PTEN,R,M,,499,
"Contos da Terra Média Commander (Borderless Scene)","Tales of Middle-earth Commander (Borderless Scene)",bltc,,"Rammas Echor, Ancient Shield",1,NM,PTEN,R,W,,505,
"Contos da Terra Média Commander (Borderless Scene)","Tales of Middle-earth Commander (Borderless Scene)",bltc,,"Rohirrim Chargers",1,NM,PTEN,R,M,,496,
"Contos da Terra Média Commander (Borderless Scene)","Tales of Middle-earth Commander (Borderless Scene)",bltc,,"Sorcerous Squall",1,NM,PTEN,R,U,,504,
"Contos da Terra Média Commander (Borderless Scene)","Tales of Middle-earth Commander (Borderless Scene)",bltc,,"Witch-king, Sky Scourge",1,NM,PTEN,M,M,,511,
"Contos da Terra Média Commander (Realms and Relics Surge Foil)","Tales of Middle-earth Commander (Realms and Relics Surge Foil)",sfltc,"A Arvore da Festa // O Grande Circulo","The Party Tree // The Great Henge",1,NM,PTEN,M,G,,378,
"Contos da Terra Média Commander (Realms and Relics Surge Foil)","Tales of Middle-earth Commander (Realms and Relics Surge Foil)",sfltc,"Abismo de Helm // Shinka, a Fortaleza Ensanguentada","Helm's Deep // Shinka, the Bloodsoaked Keep",1,NM,PTEN,M,S,,404,
"Contos da Terra Média Commander (Realms and Relics Surge Foil)","Tales of Middle-earth Commander (Realms and Relics Surge Foil)",sfltc,"Anel de Barahir // Espada da Animista","Ring of Barahir // Sword of the Animist",1,NM,PTEN,M,C,,385,
"Contos da Terra Média Commander (Realms and Relics Surge Foil)","Tales of Middle-earth Commander (Realms and Relics Surge Foil)",sfltc,"Argonath, Pilares dos Reis // O Ozolito","Argonath, Pillars of the Kings // The Ozolith",1,NM,PTEN,M,C,,381,
"Contos da Terra Média Commander (Realms and Relics Surge Foil)","Tales of Middle-earth Commander (Realms and Relics Surge Foil)",sfltc,"Balsa de Buqueburgo // Oboro, Palacio nas Nuvens","Bucklebury Ferry // Oboro, Palace in the Clouds",1,NM,PTEN,M,L,,401,
"Contos da Terra Média Commander (Realms and Relics Surge Foil)","Tales of Middle-earth Commander (Realms and Relics Surge Foil)",sfltc,"Bolsao // Copas do Horizonte","Bag End // Horizon Canopy",1,NM,PTEN,M,L,,396,
"Contos da Terra Média Commander (Realms and Relics Surge Foil)","Tales of Middle-earth Commander (Realms and Relics Surge Foil)",sfltc,"Cavernas Cintilantes de Aglarond // Cavernas de Pedras Preciosas","Glittering Caves of Aglarond // Gemstone Caverns",1,NM,PTEN,M,L,,394,
"Contos da Terra Média Commander (Realms and Relics Surge Foil)","Tales of Middle-earth Commander (Realms and Relics Surge Foil)",sfltc,"Colinas dos Tumulos // Pantano de Bojuka","Barrow-Downs // Bojuka Bog",1,NM,PTEN,M,L,,388,
"Contos da Terra Média Commander (Realms and Relics Surge Foil)","Tales of Middle-earth Commander (Realms and Relics Surge Foil)",sfltc,"Dol Amroth // Minamo, Escola a Beira d'Agua","Dol Amroth // Minamo, School at Water's Edge",1,NM,PTEN,M,L,,399,
"Contos da Terra Média Commander (Realms and Relics Surge Foil)","Tales of Middle-earth Commander (Realms and Relics Surge Foil)",sfltc,"Elessar, a Pedra Elfica // Raridade em Pedra-Nuvem","Elessar, the Elfstone // Cloudstone Curio",1,NM,PTEN,M,C,,379,
"Contos da Terra Média Commander (Realms and Relics Surge Foil)","Tales of Middle-earth Commander (Realms and Relics Surge Foil)",sfltc,"Estalagem do Ponei Empinado // Pilar dos Paruns","Inn of the Prancing Pony // Pillar of the Paruns",1,NM,PTEN,M,S,,402,
"Contos da Terra Média Commander (Realms and Relics Surge Foil)","Tales of Middle-earth Commander (Realms and Relics Surge Foil)",sfltc,"Estalagem Dragao Verde // Caminho para Casa","Green Dragon Inn // Homeward Path",1,NM,PTEN,M,L,,395,
"Contos da Terra Média Commander (Realms and Relics Surge Foil)","Tales of Middle-earth Commander (Realms and Relics Surge Foil)",sfltc,"Floresta de Fangorn // Yavimaya, Berco de Crescimento","Fangorn Forest // Yavimaya, Cradle of Growth",1,NM,PTEN,M,L,,407,
"Contos da Terra Média Commander (Realms and Relics Surge Foil)","Tales of Middle-earth Commander (Realms and Relics Surge Foil)",sfltc,"Fragmentos de Narsil // Espinho de Ametista","Shards of Narsil // Thorn of Amethyst",1,NM,PTEN,M,C,,386,
"Contos da Terra Média Commander (Realms and Relics Surge Foil)","Tales of Middle-earth Commander (Realms and Relics Surge Foil)",sfltc,"Henneth Annun // Lagoa Espelhada","Henneth Annun // Reflecting Pool",1,NM,PTEN,M,L,,403,
"Contos da Terra Média Commander (Realms and Relics Surge Foil)","Tales of Middle-earth Commander (Realms and Relics Surge Foil)",sfltc,"Herugrim, Espada de Rohan // Espada de Lar e Morada","Herugrim, Sword of Rohan // Sword of Hearth and Home",1,NM,PTEN,M,C,,384,
"Contos da Terra Média Commander (Realms and Relics Surge Foil)","Tales of Middle-earth Commander (Realms and Relics Surge Foil)",sfltc,"Isengard, Fortaleza de Saruman // Boseiju, O Que Tudo Protege","Isengard, Saruman's Fortress // Boseiju, Who Shelters All",1,NM,PTEN,M,L,,389,
"Contos da Terra Média Commander (Realms and Relics Surge Foil)","Tales of Middle-earth Commander (Realms and Relics Surge Foil)",sfltc,"Meduseld, Paco Dourado de Edoras // Castelo do Vale Arden","Meduseld, Golden Hall of Edoras // Castle Ardenvale",1,NM,PTEN,M,L,,391,
"Contos da Terra Média Commander (Realms and Relics Surge Foil)","Tales of Middle-earth Commander (Realms and Relics Surge Foil)",sfltc,"Minas Morgul // Cofres da Cabala","Minas Morgul // Cabal Coffers",1,NM,PTEN,M,L,,390,
"Contos da Terra Média Commander (Realms and Relics Surge Foil)","Tales of Middle-earth Commander (Realms and Relics Surge Foil)",sfltc,"Os Pantanos Mortos // Urborg, Tumba de Yawgmoth","The Dead Marshes // Urborg, Tomb of Yawgmoth",1,NM,PTEN,M,L,,405,
"Contos da Terra Média Commander (Realms and Relics Surge Foil)","Tales of Middle-earth Commander (Realms and Relics Surge Foil)",sfltc,"Osgiliath, Capital Caida // Refugio Kor","Osgiliath, Fallen Capital // Kor Haven",1,NM,PTEN,M,L,,398,
"Contos da Terra Média Commander (Realms and Relics Surge Foil)","Tales of Middle-earth Commander (Realms and Relics Surge Foil)",sfltc,"Passo do Chifre Vermelho // Boca de Ronom","Redhorn Pass // Mouth of Ronom",1,NM,PTEN,M,L,,400,
"Contos da Terra Média Commander (Realms and Relics Surge Foil)","Tales of Middle-earth Commander (Realms and Relics Surge Foil)",sfltc,"Ponte de Khazad-dum // Ponte Traicoeira","Bridge of Khazad-dum // Ensnaring Bridge",1,NM,PTEN,M,C,,380,
"Contos da Terra Média Commander (Realms and Relics Surge Foil)","Tales of Middle-earth Commander (Realms and Relics Surge Foil)",sfltc,"Punhal de Morgul // Lanca Sombria","Morgul-Knife // Shadowspear",1,NM,PTEN,M,C,,383,
"Contos da Terra Média Commander (Realms and Relics Surge Foil)","Tales of Middle-earth Commander (Realms and Relics Surge Foil)",sfltc,"Sendas dos Mortos // Caverna das Almas","Paths of the Dead // Cavern of Souls",1,NM,PTEN,M,L,,392,
"Contos da Terra Média Commander (Realms and Relics Surge Foil)","Tales of Middle-earth Commander (Realms and Relics Surge Foil)",sfltc,"Topo do Tempo // Templo Deserto","Weathertop // Deserted Temple",1,NM,PTEN,M,L,,393,
"Contos da Terra Média Commander (Realms and Relics Surge Foil)","Tales of Middle-earth Commander (Realms and Relics Surge Foil)",sfltc,"Torre Branca de Ecthelion // Karakas","White Tower of Ecthelion // Karakas",1,NM,PTEN,M,L,,397,
"Contos da Terra Média Commander (Realms and Relics Surge Foil)","Tales of Middle-earth Commander (Realms and Relics Surge Foil)",sfltc,"Tres Aneis para os Reis Elficos // Aneis dos Lareiluz","Three Rings for the Elven-Kings // Rings of Brighthearth",1,NM,PTEN,M,C,,382,
"Contos da Terra Média Commander (Realms and Relics Surge Foil)","Tales of Middle-earth Commander (Realms and Relics Surge Foil)",sfltc,"Tumba de Balin // Tumba Antiga","Balin's Tomb // Ancient Tomb",1,NM,PTEN,M,L,,387,
"Contos da Terra Média Commander (Realms and Relics Surge Foil)","Tales of Middle-earth Commander (Realms and Relics Surge Foil)",sfltc,"Vale de Gorgoroth // Terras Ermas","Valley of Gorgoroth // Wasteland",1,NM,PTEN,M,L,,406,
"Contos da Terra Média Commander (Realms and Relics)","Tales of Middle-earth Commander (Realms and Relics)",rrltc,"A Arvore da Festa // O Grande Circulo","The Party Tree // The Great Henge",1,NM,PTEN,M,G,,348,
"Contos da Terra Média Commander (Realms and Relics)","Tales of Middle-earth Commander (Realms and Relics)",rrltc,"Abismo de Helm // Shinka, a Fortaleza Ensanguentada","Helm's Deep // Shinka, the Bloodsoaked Keep",1,NM,PTEN,M,S,,374,
"Contos da Terra Média Commander (Realms and Relics)","Tales of Middle-earth Commander (Realms and Relics)",rrltc,"Anel de Barahir // Espada da Animista","Ring of Barahir // Sword of the Animist",1,NM,PTEN,M,C,,355,
"Contos da Terra Média Commander (Realms and Relics)","Tales of Middle-earth Commander (Realms and Relics)",rrltc,"Argonath, Pilares dos Reis // O Ozolito","Argonath, Pillars of the Kings // The Ozolith",1,NM,PTEN,M,C,,351,
"Contos da Terra Média Commander (Realms and Relics)","Tales of Middle-earth Commander (Realms and Relics)",rrltc,"Balsa de Buqueburgo // Oboro, Palacio nas Nuvens","Bucklebury Ferry // Oboro, Palace in the Clouds",1,NM,PTEN,M,L,,371,
"Contos da Terra Média Commander (Realms and Relics)","Tales of Middle-earth Commander (Realms and Relics)",rrltc,"Bolsao // Copas do Horizonte","Bag End // Horizon Canopy",1,NM,PTEN,M,L,,366,
"Contos da Terra Média Commander (Realms and Relics)","Tales of Middle-earth Commander (Realms and Relics)",rrltc,"Cavernas Cintilantes de Aglarond // Cavernas de Pedras Preciosas","Glittering Caves of Aglarond // Gemstone Caverns",1,NM,PTEN,M,L,,364,
"Contos da Terra Média Commander (Realms and Relics)","Tales of Middle-earth Commander (Realms and Relics)",rrltc,"Colinas dos Tumulos // Pantano de Bojuka","Barrow-Downs // Bojuka Bog",1,NM,PTEN,M,L,,358,
"Contos da Terra Média Commander (Realms and Relics)","Tales of Middle-earth Commander (Realms and Relics)",rrltc,"Dol Amroth // Minamo, Escola a Beira d'Agua","Dol Amroth // Minamo, School at Water's Edge",1,NM,PTEN,M,L,,369,
"Contos da Terra Média Commander (Realms and Relics)","Tales of Middle-earth Commander (Realms and Relics)",rrltc,"Elessar, a Pedra Elfica // Raridade em Pedra-Nuvem","Elessar, the Elfstone // Cloudstone Curio",1,NM,PTEN,M,C,,349,
"Contos da Terra Média Commander (Realms and Relics)","Tales of Middle-earth Commander (Realms and Relics)",rrltc,"Estalagem do Ponei Empinado // Pilar dos Paruns","Inn of the Prancing Pony // Pillar of the Paruns",1,NM,PTEN,M,S,,372,
"Contos da Terra Média Commander (Realms and Relics)","Tales of Middle-earth Commander (Realms and Relics)",rrltc,"Estalagem Dragao Verde // Caminho para Casa","Green Dragon Inn // Homeward Path",1,NM,PTEN,M,L,,365,
"Contos da Terra Média Commander (Realms and Relics)","Tales of Middle-earth Commander (Realms and Relics)",rrltc,"Floresta de Fangorn // Yavimaya, Berco de Crescimento","Fangorn Forest // Yavimaya, Cradle of Growth",1,NM,PTEN,M,L,,377,
"Contos da Terra Média Commander (Realms and Relics)","Tales of Middle-earth Commander (Realms and Relics)",rrltc,"Fragmentos de Narsil // Espinho de Ametista","Shards of Narsil // Thorn of Amethyst",1,NM,PTEN,M,C,,356,
"Contos da Terra Média Commander (Realms and Relics)","Tales of Middle-earth Commander (Realms and Relics)",rrltc,"Henneth Annun // Lagoa Espelhada","Henneth Annun // Reflecting Pool",1,NM,PTEN,M,L,,373,
"Contos da Terra Média Commander (Realms and Relics)","Tales of Middle-earth Commander (Realms and Relics)",rrltc,"Herugrim, Espada de Rohan // Espada de Lar e Morada","Herugrim, Sword of Rohan // Sword of Hearth and Home",1,NM,PTEN,M,C,,354,
"Contos da Terra Média Commander (Realms and Relics)","Tales of Middle-earth Commander (Realms and Relics)",rrltc,"Isengard, Fortaleza de Saruman // Boseiju, O Que Tudo Protege","Isengard, Saruman's Fortress // Boseiju, Who Shelters All",1,NM,PTEN,M,L,,359,
"Contos da Terra Média Commander (Realms and Relics)","Tales of Middle-earth Commander (Realms and Relics)",rrltc,"Meduseld, Paco Dourado de Edoras // Castelo do Vale Arden","Meduseld, Golden Hall of Edoras // Castle Ardenvale",1,NM,PTEN,M,L,,361,
"Contos da Terra Média Commander (Realms and Relics)","Tales of Middle-earth Commander (Realms and Relics)",rrltc,"Minas Morgul // Cofres da Cabala","Minas Morgul // Cabal Coffers",1,NM,PTEN,M,L,,360,
"Contos da Terra Média Commander (Realms and Relics)","Tales of Middle-earth Commander (Realms and Relics)",rrltc,"Os Pantanos Mortos // Urborg, Tumba de Yawgmoth","The Dead Marshes // Urborg, Tomb of Yawgmoth",1,NM,PTEN,M,L,,375,
"Contos da Terra Média Commander (Realms and Relics)","Tales of Middle-earth Commander (Realms and Relics)",rrltc,"Osgiliath, Capital Caida // Refugio Kor","Osgiliath, Fallen Capital // Kor Haven",1,NM,PTEN,M,L,,368,
"Contos da Terra Média Commander (Realms and Relics)","Tales of Middle-earth Commander (Realms and Relics)",rrltc,"Passo do Chifre Vermelho // Boca de Ronom","Redhorn Pass // Mouth of Ronom",1,NM,PTEN,M,L,,370,
"Contos da Terra Média Commander (Realms and Relics)","Tales of Middle-earth Commander (Realms and Relics)",rrltc,"Ponte de Khazad-dum // Ponte Traicoeira","Bridge of Khazad-dum // Ensnaring Bridge",1,NM,PTEN,M,C,,350,
"Contos da Terra Média Commander (Realms and Relics)","Tales of Middle-earth Commander (Realms and Relics)",rrltc,"Punhal de Morgul // Lanca Sombria","Morgul-Knife // Shadowspear",1,NM,PTEN,M,C,,353,
"Contos da Terra Média Commander (Realms and Relics)","Tales of Middle-earth Commander (Realms and Relics)",rrltc,"Sendas dos Mortos // Caverna das Almas","Paths of the Dead // Cavern of Souls",1,NM,PTEN,M,L,,362,
"Contos da Terra Média Commander (Realms and Relics)","Tales of Middle-earth Commander (Realms and Relics)",rrltc,"Topo do Tempo // Templo Deserto","Weathertop // Deserted Temple",1,NM,PTEN,M,L,,363,
"Contos da Terra Média Commander (Realms and Relics)","Tales of Middle-earth Commander (Realms and Relics)",rrltc,"Torre Branca de Ecthelion // Karakas","White Tower of Ecthelion // Karakas",1,NM,PTEN,M,L,,367,
"Contos da Terra Média Commander (Realms and Relics)","Tales of Middle-earth Commander (Realms and Relics)",rrltc,"Tres Aneis para os Reis Elficos // Aneis dos Lareiluz","Three Rings for the Elven-Kings // Rings of Brighthearth",1,NM,PTEN,M,C,,352,
"Contos da Terra Média Commander (Realms and Relics)","Tales of Middle-earth Commander (Realms and Relics)",rrltc,"Tumba de Balin // Tumba Antiga","Balin's Tomb // Ancient Tomb",1,NM,PTEN,M,L,,357,
"Contos da Terra Média Commander (Realms and Relics)","Tales of Middle-earth Commander (Realms and Relics)",rrltc,"Vale de Gorgoroth // Terras Ermas","Valley of Gorgoroth // Wasteland",1,NM,PTEN,M,L,,376,
"Contos da Terra Média Commander (Showcase Scrolls)","Tales of Middle-earth Commander (Showcase Scrolls)",ssltc,"Acordar o Dragao","Wake the Dragon",1,NM,PTEN,R,M,,484,
"Contos da Terra Média Commander (Showcase Scrolls)","Tales of Middle-earth Commander (Showcase Scrolls)",ssltc,"Alce da Floresta das Trevas","Mirkwood Elk",1,NM,PTEN,R,G,,443,
"Contos da Terra Média Commander (Showcase Scrolls)","Tales of Middle-earth Commander (Showcase Scrolls)",ssltc,"Aragorn, Rei de Gondor","Aragorn, King of Gondor",1,NM,PTEN,M,M,,448,
"Contos da Terra Média Commander (Showcase Scrolls)","Tales of Middle-earth Commander (Showcase Scrolls)",ssltc,"Armadilheiro da Floresta das Trevas","Mirkwood Trapper",1,NM,PTEN,R,M,,469,
"Contos da Terra Média Commander (Showcase Scrolls)","Tales of Middle-earth Commander (Showcase Scrolls)",ssltc,"Arquivista de Gondor","Archivist of Gondor",1,NM,PTEN,R,U,,420,
"Contos da Terra Média Commander (Showcase Scrolls)","Tales of Middle-earth Commander (Showcase Scrolls)",ssltc,"Arwen, Tecela da Esperanca","Arwen, Weaver of Hope",1,NM,PTEN,R,G,,437,
"Contos da Terra Média Commander (Showcase Scrolls)","Tales of Middle-earth Commander (Showcase Scrolls)",ssltc,"Avante, Eorlingas!","Forth Eorlingas!",1,NM,PTEN,R,M,,460,
"Contos da Terra Média Commander (Showcase Scrolls)","Tales of Middle-earth Commander (Showcase Scrolls)",ssltc,"Barbarvore, Anfitriao Gracioso","Treebeard, Gracious Host",1,NM,PTEN,R,M,,483,
"Contos da Terra Média Commander (Showcase Scrolls)","Tales of Middle-earth Commander (Showcase Scrolls)",ssltc,"Beregond da Guarda","Beregond of the Guard",1,NM,PTEN,R,W,,411,
"Contos da Terra Média Commander (Showcase Scrolls)","Tales of Middle-earth Commander (Showcase Scrolls)",ssltc,"Bilbo, Aniversariante","Bilbo, Birthday Celebrant",1,NM,PTEN,R,M,,451,
"Contos da Terra Média Commander (Showcase Scrolls)","Tales of Middle-earth Commander (Showcase Scrolls)",ssltc,"Boromir, Esperanca de Gondor","Boromir, Gondor's Hope",1,NM,PTEN,R,M,,452,
"Contos da Terra Média Commander (Showcase Scrolls)","Tales of Middle-earth Commander (Showcase Scrolls)",ssltc,"Campeoes de Minas Tirith","Champions of Minas Tirith",1,NM,PTEN,R,W,,412,
"Contos da Terra Média Commander (Showcase Scrolls)","Tales of Middle-earth Commander (Showcase Scrolls)",ssltc,"Cancao de Earendil","Song of Earendil",1,NM,PTEN,R,M,,479,
"Contos da Terra Média Commander (Showcase Scrolls)","Tales of Middle-earth Commander (Showcase Scrolls)",ssltc,"Capita de Lossarnach","Lossarnach Captain",1,NM,PTEN,R,W,,418,
"Contos da Terra Média Commander (Showcase Scrolls)","Tales of Middle-earth Commander (Showcase Scrolls)",ssltc,"Carniceiro de Moria","Moria Scavenger",1,NM,PTEN,R,M,,470,
"Contos da Terra Média Commander (Showcase Scrolls)","Tales of Middle-earth Commander (Showcase Scrolls)",ssltc,"Cavaleiros de Rohan","Riders of Rohan",1,NM,PTEN,R,M,,474,
"Contos da Terra Média Commander (Showcase Scrolls)","Tales of Middle-earth Commander (Showcase Scrolls)",ssltc,"Cirdan, o Armador","Cirdan the Shipwright",1,NM,PTEN,R,M,,453,
"Contos da Terra Média Commander (Showcase Scrolls)","Tales of Middle-earth Commander (Showcase Scrolls)",ssltc,"Com Ganancia Demais, Fundo Demais","Too Greedily, Too Deep",1,NM,PTEN,R,M,,482,
"Contos da Terra Média Commander (Showcase Scrolls)","Tales of Middle-earth Commander (Showcase Scrolls)",ssltc,"Convidada Voraz","Rapacious Guest",1,NM,PTEN,R,B,,430,
"Contos da Terra Média Commander (Showcase Scrolls)","Tales of Middle-earth Commander (Showcase Scrolls)",ssltc,"Convidados do Banquete","Banquet Guests",1,NM,PTEN,R,M,,450,
"Contos da Terra Média Commander (Showcase Scrolls)","Tales of Middle-earth Commander (Showcase Scrolls)",ssltc,"Convocacoes de Saruman","Summons of Saruman",1,NM,PTEN,R,M,,480,
"Contos da Terra Média Commander (Showcase Scrolls)","Tales of Middle-earth Commander (Showcase Scrolls)",ssltc,"Corda de Hithlain","Hithlain Rope",1,NM,PTEN,R,C,,486,
"Contos da Terra Média Commander (Showcase Scrolls)","Tales of Middle-earth Commander (Showcase Scrolls)",ssltc,"Coroa de Gondor","Crown of Gondor",1,NM,PTEN,R,C,,485,
"Contos da Terra Média Commander (Showcase Scrolls)","Tales of Middle-earth Commander (Showcase Scrolls)",ssltc,"Corsarios de Umbar","Corsairs of Umbar",1,NM,PTEN,R,U,,421,
"Contos da Terra Média Commander (Showcase Scrolls)","Tales of Middle-earth Commander (Showcase Scrolls)",ssltc,"Corte Ventoveloz","Windswift Slice",1,NM,PTEN,R,G,,447,
"Contos da Terra Média Commander (Showcase Scrolls)","Tales of Middle-earth Commander (Showcase Scrolls)",ssltc,"De Ervas e Coelho Ensopado","Of Herbs and Stewed Rabbit",1,NM,PTEN,R,W,,419,
"Contos da Terra Média Commander (Showcase Scrolls)","Tales of Middle-earth Commander (Showcase Scrolls)",ssltc,"Denethor, Vidente da Pedra","Denethor, Stone Seer",1,NM,PTEN,R,U,,422,
"Contos da Terra Média Commander (Showcase Scrolls)","Tales of Middle-earth Commander (Showcase Scrolls)",ssltc,"Dragao do Tesouro da Caverna","Cavern-Hoard Dragon",1,NM,PTEN,R,R,,433,
"Contos da Terra Média Commander (Showcase Scrolls)","Tales of Middle-earth Commander (Showcase Scrolls)",ssltc,"Elrond do Conselho Branco","Elrond of the White Council",1,NM,PTEN,R,M,,454,
"Contos da Terra Média Commander (Showcase Scrolls)","Tales of Middle-earth Commander (Showcase Scrolls)",ssltc,"Emboscada dos Galadhrim","Galadhrim Ambush",1,NM,PTEN,R,G,,440,
"Contos da Terra Média Commander (Showcase Scrolls)","Tales of Middle-earth Commander (Showcase Scrolls)",ssltc,"Eomer, Rei de Rohan","Eomer, King of Rohan",1,NM,PTEN,R,M,,455,
"Contos da Terra Média Commander (Showcase Scrolls)","Tales of Middle-earth Commander (Showcase Scrolls)",ssltc,"Eowyn, Donzela do Escudo","Eowyn, Shieldmaiden",1,NM,PTEN,M,M,,456,
"Contos da Terra Média Commander (Showcase Scrolls)","Tales of Middle-earth Commander (Showcase Scrolls)",ssltc,"Erestor do Conselho","Erestor of the Council",1,NM,PTEN,R,M,,457,
"Contos da Terra Média Commander (Showcase Scrolls)","Tales of Middle-earth Commander (Showcase Scrolls)",ssltc,"Erguer a Palicada","Raise the Palisade",1,NM,PTEN,R,U,,425,
"Contos da Terra Média Commander (Showcase Scrolls)","Tales of Middle-earth Commander (Showcase Scrolls)",ssltc,"Faramir, Regente de Gondor","Faramir, Steward of Gondor",1,NM,PTEN,R,M,,458,
"Contos da Terra Média Commander (Showcase Scrolls)","Tales of Middle-earth Commander (Showcase Scrolls)",ssltc,"Fazendeiro Villa","Farmer Cotton",1,NM,PTEN,R,M,,459,
"Contos da Terra Média Commander (Showcase Scrolls)","Tales of Middle-earth Commander (Showcase Scrolls)",ssltc,"Fidelidade ao Reino","Fealty to the Realm",1,NM,PTEN,R,U,,423,
"Contos da Terra Média Commander (Showcase Scrolls)","Tales of Middle-earth Commander (Showcase Scrolls)",ssltc,"Frigideira Testada em Campo","Field-Tested Frying Pan",1,NM,PTEN,R,W,,413,
"Contos da Terra Média Commander (Showcase Scrolls)","Tales of Middle-earth Commander (Showcase Scrolls)",ssltc,"Frodo, Hobbit Aventureiro","Frodo, Adventurous Hobbit",1,NM,PTEN,M,M,,461,
"Contos da Terra Média Commander (Showcase Scrolls)","Tales of Middle-earth Commander (Showcase Scrolls)",ssltc,"Galadriel, Rainha Elfica","Galadriel, Elven-Queen",1,NM,PTEN,M,M,,462,
"Contos da Terra Média Commander (Showcase Scrolls)","Tales of Middle-earth Commander (Showcase Scrolls)",ssltc,"Gandalf, Viajante Rumo ao Oeste","Gandalf, Westward Voyager",1,NM,PTEN,M,M,,463,
"Contos da Terra Média Commander (Showcase Scrolls)","Tales of Middle-earth Commander (Showcase Scrolls)",ssltc,"Gilraen, Protetora Dunedain","Gilraen, Dunedain Protector",1,NM,PTEN,R,W,,415,
"Contos da Terra Média Commander (Showcase Scrolls)","Tales of Middle-earth Commander (Showcase Scrolls)",ssltc,"Gimli das Cavernas Cintilantes","Gimli of the Glittering Caves",1,NM,PTEN,R,R,,434,
"Contos da Terra Média Commander (Showcase Scrolls)","Tales of Middle-earth Commander (Showcase Scrolls)",ssltc,"Gollum, Espreitador Obcecado","Gollum, Obsessed Stalker",1,NM,PTEN,R,B,,428,
"Contos da Terra Média Commander (Showcase Scrolls)","Tales of Middle-earth Commander (Showcase Scrolls)",ssltc,"Grima, Lacaio de Saruman","Grima, Saruman's Footman",1,NM,PTEN,R,M,,464,
"Contos da Terra Média Commander (Showcase Scrolls)","Tales of Middle-earth Commander (Showcase Scrolls)",ssltc,"Gwaihir, a Maior das Aguias","Gwaihir, Greatest of the Eagles",1,NM,PTEN,R,W,,417,
"Contos da Terra Média Commander (Showcase Scrolls)","Tales of Middle-earth Commander (Showcase Scrolls)",ssltc,"Haldir, Tenente de Lorien","Haldir, Lorien Lieutenant",1,NM,PTEN,R,G,,441,
"Contos da Terra Média Commander (Showcase Scrolls)","Tales of Middle-earth Commander (Showcase Scrolls)",ssltc,"Hobbit Glutao","Feasting Hobbit",1,NM,PTEN,R,G,,439,
"Contos da Terra Média Commander (Showcase Scrolls)","Tales of Middle-earth Commander (Showcase Scrolls)",ssltc,"Juramento de Eorl","Oath of Eorl",1,NM,PTEN,R,M,,471,
"Contos da Terra Média Commander (Showcase Scrolls)","Tales of Middle-earth Commander (Showcase Scrolls)",ssltc,"Lamina de Lothlorien","Lothlorien Blade",1,NM,PTEN,R,C,,487,
"Contos da Terra Média Commander (Showcase Scrolls)","Tales of Middle-earth Commander (Showcase Scrolls)",ssltc,"Laracna, Tecela Macabra","Shelob, Dread Weaver",1,NM,PTEN,R,B,,431,
"Contos da Terra Média Commander (Showcase Scrolls)","Tales of Middle-earth Commander (Showcase Scrolls)",ssltc,"Legolas Verdefolha","Legolas Greenleaf",1,NM,PTEN,R,G,,442,
"Contos da Terra Média Commander (Showcase Scrolls)","Tales of Middle-earth Commander (Showcase Scrolls)",ssltc,"Lobelia, Defensora de Bolsao","Lobelia, Defender of Bag End",1,NM,PTEN,R,B,,429,
"Contos da Terra Média Commander (Showcase Scrolls)","Tales of Middle-earth Commander (Showcase Scrolls)",ssltc,"Mamute de Guerra Enfurecido","Rampaging War Mammoth",1,NM,PTEN,R,R,,436,
"Contos da Terra Média Commander (Showcase Scrolls)","Tales of Middle-earth Commander (Showcase Scrolls)",ssltc,"Merry, Protetor de Isengard","Merry, Warden of Isengard",1,NM,PTEN,R,M,,468,
"Contos da Terra Média Commander (Showcase Scrolls)","Tales of Middle-earth Commander (Showcase Scrolls)",ssltc,"Mestre de Cerco Orc","Orcish Siegemaster",1,NM,PTEN,R,R,,435,
"Contos da Terra Média Commander (Showcase Scrolls)","Tales of Middle-earth Commander (Showcase Scrolls)",ssltc,"Modelo de Unidade","Model of Unity",1,NM,PTEN,R,C,,488,
"Contos da Terra Média Commander (Showcase Scrolls)","Tales of Middle-earth Commander (Showcase Scrolls)",ssltc,"Monstruosidade do Lago","Monstrosity of the Lake",1,NM,PTEN,R,U,,424,
"Contos da Terra Média Commander (Showcase Scrolls)","Tales of Middle-earth Commander (Showcase Scrolls)",ssltc,"Nas Trevas Amarra-los","In the Darkness Bind Them",1,NM,PTEN,R,M,,465,
"Contos da Terra Média Commander (Showcase Scrolls)","Tales of Middle-earth Commander (Showcase Scrolls)",ssltc,"Navegar para o Oeste","Sail into the West",1,NM,PTEN,R,M,,475,
"Contos da Terra Média Commander (Showcase Scrolls)","Tales of Middle-earth Commander (Showcase Scrolls)",ssltc,"O Balrog de Moria","The Balrog of Moria",1,NM,PTEN,R,M,,449,
"Contos da Terra Média Commander (Showcase Scrolls)","Tales of Middle-earth Commander (Showcase Scrolls)",ssltc,"O Feitor","The Gaffer",1,NM,PTEN,R,W,,414,
"Contos da Terra Média Commander (Showcase Scrolls)","Tales of Middle-earth Commander (Showcase Scrolls)",ssltc,"O Portao Negro","The Black Gate",1,NM,PTEN,R,L,,490,
"Contos da Terra Média Commander (Showcase Scrolls)","Tales of Middle-earth Commander (Showcase Scrolls)",ssltc,"Olhar Sem Palpebras","Lidless Gaze",1,NM,PTEN,R,M,,466,
"Contos da Terra Média Commander (Showcase Scrolls)","Tales of Middle-earth Commander (Showcase Scrolls)",ssltc,"Pedido de Ajuda","Call for Aid",1,NM,PTEN,R,R,,432,
"Contos da Terra Média Commander (Showcase Scrolls)","Tales of Middle-earth Commander (Showcase Scrolls)",ssltc,"Pippin, Protetor de Isengard","Pippin, Warden of Isengard",1,NM,PTEN,R,M,,472,
"Contos da Terra Média Commander (Showcase Scrolls)","Tales of Middle-earth Commander (Showcase Scrolls)",ssltc,"Ponei Motivado","Motivated Pony",1,NM,PTEN,R,G,,444,
"Contos da Terra Média Commander (Showcase Scrolls)","Tales of Middle-earth Commander (Showcase Scrolls)",ssltc,"Porco de Competicao","Prize Pig",1,NM,PTEN,R,G,,445,
"Contos da Terra Média Commander (Showcase Scrolls)","Tales of Middle-earth Commander (Showcase Scrolls)",ssltc,"Prender os Intrusos","Trap the Trespassers",1,NM,PTEN,R,U,,427,
"Contos da Terra Média Commander (Showcase Scrolls)","Tales of Middle-earth Commander (Showcase Scrolls)",ssltc,"Provocar das Ameias","Taunt from the Rampart",1,NM,PTEN,R,M,,481,
"Contos da Terra Média Commander (Showcase Scrolls)","Tales of Middle-earth Commander (Showcase Scrolls)",ssltc,"Radagast, Mago das Matas","Radagast, Wizard of Wilds",1,NM,PTEN,R,M,,473,
"Contos da Terra Média Commander (Showcase Scrolls)","Tales of Middle-earth Commander (Showcase Scrolls)",ssltc,"Reforcos da Hoste Cinzenta","Grey Host Reinforcements",1,NM,PTEN,R,W,,416,
"Contos da Terra Média Commander (Showcase Scrolls)","Tales of Middle-earth Commander (Showcase Scrolls)",ssltc,"Reliquia de Sauron","Relic of Sauron",1,NM,PTEN,R,C,,489,
"Contos da Terra Média Commander (Showcase Scrolls)","Tales of Middle-earth Commander (Showcase Scrolls)",ssltc,"Reunir o Entebate","Assemble the Entmoot",1,NM,PTEN,R,G,,438,
"Contos da Terra Média Commander (Showcase Scrolls)","Tales of Middle-earth Commander (Showcase Scrolls)",ssltc,"Sam, Ajudante Leal","Sam, Loyal Attendant",1,NM,PTEN,M,M,,476,
"Contos da Terra Média Commander (Showcase Scrolls)","Tales of Middle-earth Commander (Showcase Scrolls)",ssltc,"Saruman, A Mao Branca","Saruman, the White Hand",1,NM,PTEN,M,M,,477,
"Contos da Terra Média Commander (Showcase Scrolls)","Tales of Middle-earth Commander (Showcase Scrolls)",ssltc,"Sauron, Senhor dos Aneis","Sauron, Lord of the Rings",1,NM,PTEN,M,M,,478,
"Contos da Terra Média Commander (Showcase Scrolls)","Tales of Middle-earth Commander (Showcase Scrolls)",ssltc,"Senhor dos Nazgul","Lord of the Nazgul",1,NM,PTEN,R,M,,467,
"Contos da Terra Média Commander (Showcase Scrolls)","Tales of Middle-earth Commander (Showcase Scrolls)",ssltc,"Subjugar os Hobbits","Subjugate the Hobbits",1,NM,PTEN,R,U,,426,
"Contos da Terra Média Commander (Showcase Scrolls)","Tales of Middle-earth Commander (Showcase Scrolls)",ssltc,"Travessia de Caradhras","Travel Through Caradhras",1,NM,PTEN,R,G,,446,
"Contos da Terra Média Commander (Variants)","Tales of Middle-earth Commander (Variants)",vltc,"Acordar o Dragao","Wake the Dragon",1,NM,PTEN,R,M,,154,
"Contos da Terra Média Commander (Variants)","Tales of Middle-earth Commander (Variants)",vltc,"Alce da Floresta das Trevas","Mirkwood Elk",1,NM,PTEN,R,G,,124,
"Contos da Terra Média Commander (Variants)","Tales of Middle-earth Commander (Variants)",vltc,"Aragorn, Rei de Gondor","Aragorn, King of Gondor",1,NM,PTEN,M,M,,85,
"Contos da Terra Média Commander (Variants)","Tales of Middle-earth Commander (Variants)",vltc,"Armadilheiro da Floresta das Trevas","Mirkwood Trapper",1,NM,PTEN,R,M,,144,
"Contos da Terra Média Commander (Variants)","Tales of Middle-earth Commander (Variants)",vltc,"Arquivista de Gondor","Archivist of Gondor",1,NM,PTEN,R,U,,101,
"Contos da Terra Média Commander (Variants)","Tales of Middle-earth Commander (Variants)",vltc,"Arwen, Tecela da Esperanca","Arwen, Weaver of Hope",1,NM,PTEN,R,G,,118,
"Contos da Terra Média Commander (Variants)","Tales of Middle-earth Commander (Variants)",vltc,"Avante, Eorlingas!","Forth Eorlingas!",1,NM,PTEN,R,M,,139,
"Contos da Terra Média Commander (Variants)","Tales of Middle-earth Commander (Variants)",vltc,"Barbarvore, Anfitriao Gracioso","Treebeard, Gracious Host",1,NM,PTEN,R,M,,153,
"Contos da Terra Média Commander (Variants)","Tales of Middle-earth Commander (Variants)",vltc,"Beregond da Guarda","Beregond of the Guard",1,NM,PTEN,R,W,,93,
"Contos da Terra Média Commander (Variants)","Tales of Middle-earth Commander (Variants)",vltc,"Bilbo, Aniversariante","Bilbo, Birthday Celebrant",1,NM,PTEN,R,M,,131,
"Contos da Terra Média Commander (Variants)","Tales of Middle-earth Commander (Variants)",vltc,"Boromir, Esperanca de Gondor","Boromir, Gondor's Hope",1,NM,PTEN,R,M,,132,
"Contos da Terra Média Commander (Variants)","Tales of Middle-earth Commander (Variants)",vltc,"Campeoes de Minas Tirith","Champions of Minas Tirith",1,NM,PTEN,R,W,,94,
"Contos da Terra Média Commander (Variants)","Tales of Middle-earth Commander (Variants)",vltc,"Capita de Lossarnach","Lossarnach Captain",1,NM,PTEN,R,W,,100,
"Contos da Terra Média Commander (Variants)","Tales of Middle-earth Commander (Variants)",vltc,"Carniceiro de Moria","Moria Scavenger",1,NM,PTEN,R,M,,145,
"Contos da Terra Média Commander (Variants)","Tales of Middle-earth Commander (Variants)",vltc,"Cavaleiros de Rohan","Riders of Rohan",1,NM,PTEN,R,M,,148,
"Contos da Terra Média Commander (Variants)","Tales of Middle-earth Commander (Variants)",vltc,"Cirdan, o Armador","Cirdan the Shipwright",1,NM,PTEN,R,M,,133,
"Contos da Terra Média Commander (Variants)","Tales of Middle-earth Commander (Variants)",vltc,"Com Ganancia Demais, Fundo Demais","Too Greedily, Too Deep",1,NM,PTEN,R,M,,152,
"Contos da Terra Média Commander (Variants)","Tales of Middle-earth Commander (Variants)",vltc,"Convidada Voraz","Rapacious Guest",1,NM,PTEN,R,B,,111,
"Contos da Terra Média Commander (Variants)","Tales of Middle-earth Commander (Variants)",vltc,"Convidados do Banquete","Banquet Guests",1,NM,PTEN,R,M,,130,
"Contos da Terra Média Commander (Variants)","Tales of Middle-earth Commander (Variants)",vltc,"Convocacoes de Saruman","Summons of Saruman",1,NM,PTEN,R,M,,150,
"Contos da Terra Média Commander (Variants)","Tales of Middle-earth Commander (Variants)",vltc,"Corda de Hithlain","Hithlain Rope",1,NM,PTEN,R,C,,156,
"Contos da Terra Média Commander (Variants)","Tales of Middle-earth Commander (Variants)",vltc,"Coroa de Gondor","Crown of Gondor",1,NM,PTEN,R,C,,155,
"Contos da Terra Média Commander (Variants)","Tales of Middle-earth Commander (Variants)",vltc,"Corsarios de Umbar","Corsairs of Umbar",1,NM,PTEN,R,U,,102,
"Contos da Terra Média Commander (Variants)","Tales of Middle-earth Commander (Variants)",vltc,"Corte Ventoveloz","Windswift Slice",1,NM,PTEN,R,G,,128,
"Contos da Terra Média Commander (Variants)","Tales of Middle-earth Commander (Variants)",vltc,"Denethor, Vidente da Pedra","Denethor, Stone Seer",1,NM,PTEN,R,U,,103,
"Contos da Terra Média Commander (Variants)","Tales of Middle-earth Commander (Variants)",vltc,"Dragao do Tesouro da Caverna","Cavern-Hoard Dragon",1,NM,PTEN,R,R,,114,
"Contos da Terra Média Commander (Variants)","Tales of Middle-earth Commander (Variants)",vltc,"Elrond do Conselho Branco","Elrond of the White Council",1,NM,PTEN,R,M,,134,
"Contos da Terra Média Commander (Variants)","Tales of Middle-earth Commander (Variants)",vltc,"Emboscada dos Galadhrim","Galadhrim Ambush",1,NM,PTEN,R,G,,121,
"Contos da Terra Média Commander (Variants)","Tales of Middle-earth Commander (Variants)",vltc,"Eomer, Rei de Rohan","Eomer, King of Rohan",1,NM,PTEN,R,M,,135,
"Contos da Terra Média Commander (Variants)","Tales of Middle-earth Commander (Variants)",vltc,"Eowyn, Donzela do Escudo","Eowyn, Shieldmaiden",1,NM,PTEN,M,M,,86,
"Contos da Terra Média Commander (Variants)","Tales of Middle-earth Commander (Variants)",vltc,"Erestor do Conselho","Erestor of the Council",1,NM,PTEN,R,M,,136,
"Contos da Terra Média Commander (Variants)","Tales of Middle-earth Commander (Variants)",vltc,"Erguer a Palicada","Raise the Palisade",1,NM,PTEN,R,U,,106,
"Contos da Terra Média Commander (Variants)","Tales of Middle-earth Commander (Variants)",vltc,"Faramir, Regente de Gondor","Faramir, Steward of Gondor",1,NM,PTEN,R,M,,137,
"Contos da Terra Média Commander (Variants)","Tales of Middle-earth Commander (Variants)",vltc,"Fazendeiro Villa","Farmer Cotton",1,NM,PTEN,R,M,,138,
"Contos da Terra Média Commander (Variants)","Tales of Middle-earth Commander (Variants)",vltc,"Fidelidade ao Reino","Fealty to the Realm",1,NM,PTEN,R,U,,104,
"Contos da Terra Média Commander (Variants)","Tales of Middle-earth Commander (Variants)",vltc,"Frigideira Testada em Campo","Field-Tested Frying Pan",1,NM,PTEN,R,W,,95,
"Contos da Terra Média Commander (Variants)","Tales of Middle-earth Commander (Variants)",vltc,"Frodo, Hobbit Aventureiro","Frodo, Adventurous Hobbit",1,NM,PTEN,M,M,,87,
"Contos da Terra Média Commander (Variants)","Tales of Middle-earth Commander (Variants)",vltc,"Galadriel, Rainha Elfica","Galadriel, Elven-Queen",1,NM,PTEN,M,M,,88,
"Contos da Terra Média Commander (Variants)","Tales of Middle-earth Commander (Variants)",vltc,"Gandalf, Viajante Rumo ao Oeste","Gandalf, Westward Voyager",1,NM,PTEN,M,M,,89,
"Contos da Terra Média Commander (Variants)","Tales of Middle-earth Commander (Variants)",vltc,"Gilraen, Protetora Dunedain","Gilraen, Dunedain Protector",1,NM,PTEN,R,W,,97,
"Contos da Terra Média Commander (Variants)","Tales of Middle-earth Commander (Variants)",vltc,"Gimli das Cavernas Cintilantes","Gimli of the Glittering Caves",1,NM,PTEN,R,R,,115,
"Contos da Terra Média Commander (Variants)","Tales of Middle-earth Commander (Variants)",vltc,"Gollum, Espreitador Obcecado","Gollum, Obsessed Stalker",1,NM,PTEN,R,B,,109,
"Contos da Terra Média Commander (Variants)","Tales of Middle-earth Commander (Variants)",vltc,"Grima, Lacaio de Saruman","Grima, Saruman's Footman",1,NM,PTEN,R,M,,140,
"Contos da Terra Média Commander (Variants)","Tales of Middle-earth Commander (Variants)",vltc,"Gwaihir, a Maior das Aguias","Gwaihir, Greatest of the Eagles",1,NM,PTEN,R,W,,99,
"Contos da Terra Média Commander (Variants)","Tales of Middle-earth Commander (Variants)",vltc,"Haldir, Tenente de Lorien","Haldir, Lorien Lieutenant",1,NM,PTEN,R,G,,122,
"Contos da Terra Média Commander (Variants)","Tales of Middle-earth Commander (Variants)",vltc,"Hobbit Glutao","Feasting Hobbit",1,NM,PTEN,R,G,,120,
"Contos da Terra Média Commander (Variants)","Tales of Middle-earth Commander (Variants)",vltc,"Lamina de Lothlorien","Lothlorien Blade",1,NM,PTEN,R,C,,157,
"Contos da Terra Média Commander (Variants)","Tales of Middle-earth Commander (Variants)",vltc,"Laracna, Tecela Macabra","Shelob, Dread Weaver",1,NM,PTEN,R,B,,112,
"Contos da Terra Média Commander (Variants)","Tales of Middle-earth Commander (Variants)",vltc,"Legolas Verdefolha","Legolas Greenleaf",1,NM,PTEN,R,G,,123,
"Contos da Terra Média Commander (Variants)","Tales of Middle-earth Commander (Variants)",vltc,"Lobelia, Defensora de Bolsao","Lobelia, Defender of Bag End",1,NM,PTEN,R,B,,110,
"Contos da Terra Média Commander (Variants)","Tales of Middle-earth Commander (Variants)",vltc,"Mamute de Guerra Enfurecido","Rampaging War Mammoth",1,NM,PTEN,R,R,,117,
"Contos da Terra Média Commander (Variants)","Tales of Middle-earth Commander (Variants)",vltc,"Merry, Protetor de Isengard","Merry, Warden of Isengard",1,NM,PTEN,R,M,,143,
"Contos da Terra Média Commander (Variants)","Tales of Middle-earth Commander (Variants)",vltc,"Mestre de Cerco Orc","Orcish Siegemaster",1,NM,PTEN,R,R,,116,
"Contos da Terra Média Commander (Variants)","Tales of Middle-earth Commander (Variants)",vltc,"Modelo de Unidade","Model of Unity",1,NM,PTEN,R,C,,158,
"Contos da Terra Média Commander (Variants)","Tales of Middle-earth Commander (Variants)",vltc,"Monstruosidade do Lago","Monstrosity of the Lake",1,NM,PTEN,R,U,,105,
"Contos da Terra Média Commander (Variants)","Tales of Middle-earth Commander (Variants)",vltc,"Navegar para o Oeste","Sail into the West",1,NM,PTEN,R,M,,149,
"Contos da Terra Média Commander (Variants)","Tales of Middle-earth Commander (Variants)",vltc,"O Balrog de Moria","The Balrog of Moria",1,NM,PTEN,R,M,,129,
"Contos da Terra Média Commander (Variants)","Tales of Middle-earth Commander (Variants)",vltc,"O Feitor","The Gaffer",1,NM,PTEN,R,W,,96,
"Contos da Terra Média Commander (Variants)","Tales of Middle-earth Commander (Variants)",vltc,"O Portao Negro","The Black Gate",1,NM,PTEN,R,L,,160,
"Contos da Terra Média Commander (Variants)","Tales of Middle-earth Commander (Variants)",vltc,"Olhar Sem Palpebras","Lidless Gaze",1,NM,PTEN,R,M,,141,
"Contos da Terra Média Commander (Variants)","Tales of Middle-earth Commander (Variants)",vltc,"Pedido de Ajuda","Call for Aid",1,NM,PTEN,R,R,,113,
"Contos da Terra Média Commander (Variants)","Tales of Middle-earth Commander (Variants)",vltc,"Pippin, Protetor de Isengard","Pippin, Warden of Isengard",1,NM,PTEN,R,M,,146,
"Contos da Terra Média Commander (Variants)","Tales of Middle-earth Commander (Variants)",vltc,"Ponei Motivado","Motivated Pony",1,NM,PTEN,R,G,,125,
"Contos da Terra Média Commander (Variants)","Tales of Middle-earth Commander (Variants)",vltc,"Porco de Competicao","Prize Pig",1,NM,PTEN,R,G,,126,
"Contos da Terra Média Commander (Variants)","Tales of Middle-earth Commander (Variants)",vltc,"Prender os Intrusos","Trap the Trespassers",1,NM,PTEN,R,U,,108,
"Contos da Terra Média Commander (Variants)","Tales of Middle-earth Commander (Variants)",vltc,"Provocar das Ameias","Taunt from the Rampart",1,NM,PTEN,R,M,,151,
"Contos da Terra Média Commander (Variants)","Tales of Middle-earth Commander (Variants)",vltc,"Radagast, Mago das Matas","Radagast, Wizard of Wilds",1,NM,PTEN,R,M,,147,
"Contos da Terra Média Commander (Variants)","Tales of Middle-earth Commander (Variants)",vltc,"Reforcos da Hoste Cinzenta","Grey Host Reinforcements",1,NM,PTEN,R,W,,98,
"Contos da Terra Média Commander (Variants)","Tales of Middle-earth Commander (Variants)",vltc,"Reliquia de Sauron","Relic of Sauron",1,NM,PTEN,R,C,,159,
"Contos da Terra Média Commander (Variants)","Tales of Middle-earth Commander (Variants)",vltc,"Reunir o Entebate","Assemble the Entmoot",1,NM,PTEN,R,G,,119,
"Contos da Terra Média Commander (Variants)","Tales of Middle-earth Commander (Variants)",vltc,"Sam, Ajudante Leal","Sam, Loyal Attendant",1,NM,PTEN,M,M,,90,
"Contos da Terra Média Commander (Variants)","Tales of Middle-earth Commander (Variants)",vltc,"Saruman, A Mao Branca","Saruman, the White Hand",1,NM,PTEN,M,M,,91,
"Contos da Terra Média Commander (Variants)","Tales of Middle-earth Commander (Variants)",vltc,"Sauron, Senhor dos Aneis","Sauron, Lord of the Rings",1,NM,PTEN,M,M,,92,
"Contos da Terra Média Commander (Variants)","Tales of Middle-earth Commander (Variants)",vltc,"Senhor dos Nazgul","Lord of the Nazgul",1,NM,PTEN,R,M,,142,
"Contos da Terra Média Commander (Variants)","Tales of Middle-earth Commander (Variants)",vltc,"Subjugar os Hobbits","Subjugate the Hobbits",1,NM,PTEN,R,U,,107,
"Contos da Terra Média Commander (Variants)","Tales of Middle-earth Commander (Variants)",vltc,"Travessia de Caradhras","Travel Through Caradhras",1,NM,PTEN,R,G,,127,
"O Senhor dos Anéis: Contos da Terra Média","Lord of the Rings: Tales of Middle-Earth",ltr,"A Batalha de Beiragua","The Battle of Bywater",1,NM,PTEN,R,W,,2,
"O Senhor dos Anéis: Contos da Terra Média","Lord of the Rings: Tales of Middle-Earth",ltr,"A Cancao do Banho","The Bath Song",1,NM,PTEN,U,U,,40,
"O Senhor dos Anéis: Contos da Terra Média","Lord of the Rings: Tales of Middle-Earth",ltr,"Acoite do Balrog","Lash of the Balrog",1,NM,PTEN,C,B,,92,
"O Senhor dos Anéis: Contos da Terra Média","Lord of the Rings: Tales of Middle-Earth",ltr,"Agressor Goblin","Goblin Assailant",1,NM,PTEN,C,R,,295,
"O Senhor dos Anéis: Contos da Terra Média","Lord of the Rings: Tales of Middle-Earth",ltr,"Aguias do Norte","Eagles of the North",1,NM,PTEN,C,W,,7,
"O Senhor dos Anéis: Contos da Terra Média","Lord of the Rings: Tales of Middle-Earth",ltr,Aliviamento,Reprieve,1,NM,PTEN,U,W,,26,
"O Senhor dos Anéis: Contos da Terra Média","Lord of the Rings: Tales of Middle-Earth",ltr,"Alvorecer de Uma Nova Era","Dawn of a New Age",1,NM,PTEN,M,W,,5,
"O Senhor dos Anéis: Contos da Terra Média","Lord of the Rings: Tales of Middle-Earth",ltr,"Amoque Uruk-hai","Uruk-hai Berserker",1,NM,PTEN,C,B,,112,
"O Senhor dos Anéis: Contos da Terra Média","Lord of the Rings: Tales of Middle-Earth",ltr,"Anduril, Chama do Oeste","Anduril, Flame of the West",1,NM,PTEN,M,C,,236,
"O Senhor dos Anéis: Contos da Terra Média","Lord of the Rings: Tales of Middle-Earth",ltr,"Anel de Bilbo","Bilbo's Ring",1,NM,PTEN,R,C,,298,
"O Senhor dos Anéis: Contos da Terra Média","Lord of the Rings: Tales of Middle-Earth",ltr,"Apaziguamento de Smeagol","Soothing of Smeagol",1,NM,PTEN,C,U,,70,
"O Senhor dos Anéis: Contos da Terra Média","Lord of the Rings: Tales of Middle-Earth",ltr,"Aragorn e Arwen, Casados","Aragorn and Arwen, Wed",1,NM,PTEN,M,M,,287,
"O Senhor dos Anéis: Contos da Terra Média","Lord of the Rings: Tales of Middle-Earth",ltr,"Aragorn, Lider da Sociedade","Aragorn, Company Leader",1,NM,PTEN,R,M,,191,
"O Senhor dos Anéis: Contos da Terra Média","Lord of the Rings: Tales of Middle-Earth",ltr,"Aragorn, o Unificador","Aragorn, the Uniter",1,NM,PTEN,M,M,,192,
"O Senhor dos Anéis: Contos da Terra Média","Lord of the Rings: Tales of Middle-Earth",ltr,"Aranha da Floresta das Trevas","Mirkwood Spider",1,NM,PTEN,C,G,,178,
"O Senhor dos Anéis: Contos da Terra Média","Lord of the Rings: Tales of Middle-Earth",ltr,"Arco Galadhrim","Galadhrim Bow",1,NM,PTEN,C,G,,167,
"O Senhor dos Anéis: Contos da Terra Média","Lord of the Rings: Tales of Middle-Earth",ltr,"Artimanhas de Saruman","Saruman's Trickery",1,NM,PTEN,U,U,,68,
"O Senhor dos Anéis: Contos da Terra Média","Lord of the Rings: Tales of Middle-Earth",ltr,"Arwen Undomiel","Arwen Undomiel",1,NM,PTEN,U,M,,194,
"O Senhor dos Anéis: Contos da Terra Média","Lord of the Rings: Tales of Middle-Earth",ltr,"Arwen, Rainha Mortal","Arwen, Mortal Queen",1,NM,PTEN,M,M,,193,
"O Senhor dos Anéis: Contos da Terra Média","Lord of the Rings: Tales of Middle-Earth",ltr,"Ascensao do Rei-bruxo","Rise of the Witch-King",1,NM,PTEN,U,M,,221,
"O Senhor dos Anéis: Contos da Terra Média","Lord of the Rings: Tales of Middle-Earth",ltr,"Assombracao dos Pantanos Mortos","Haunt of the Dead Marshes",1,NM,PTEN,C,B,,90,
"O Senhor dos Anéis: Contos da Terra Média","Lord of the Rings: Tales of Middle-Earth",ltr,"Atalaia de Lothlorien","Lothlorien Lookout",1,NM,PTEN,C,G,,175,
"O Senhor dos Anéis: Contos da Terra Média","Lord of the Rings: Tales of Middle-Earth",ltr,"Atalho para os Cogumelos","Shortcut to Mushrooms",1,NM,PTEN,U,G,,187,
"O Senhor dos Anéis: Contos da Terra Média","Lord of the Rings: Tales of Middle-Earth",ltr,"Ataque a Osgiliath","Assault on Osgiliath",1,NM,PTEN,R,R,,285,
"O Senhor dos Anéis: Contos da Terra Média","Lord of the Rings: Tales of Middle-Earth",ltr,"Aterrorizante como a Tempestade","Dreadful as the Storm",1,NM,PTEN,C,U,,48,
"O Senhor dos Anéis: Contos da Terra Média","Lord of the Rings: Tales of Middle-Earth",ltr,"Bacia de Elixir de Ent","Ent-Draught Basin",1,NM,PTEN,U,C,,238,
"O Senhor dos Anéis: Contos da Terra Média","Lord of the Rings: Tales of Middle-Earth",ltr,"Bandidagem Descarada","Spiteful Banditry",1,NM,PTEN,M,R,,149,
"O Senhor dos Anéis: Contos da Terra Média","Lord of the Rings: Tales of Middle-Earth",ltr,"Banir de Edoras","Banish from Edoras",1,NM,PTEN,C,W,,1,
"O Senhor dos Anéis: Contos da Terra Média","Lord of the Rings: Tales of Middle-Earth",ltr,,Barad-dur,1,NM,PTEN,R,L,,253,
"O Senhor dos Anéis: Contos da Terra Média","Lord of the Rings: Tales of Middle-Earth",ltr,"Bilbo, Ladrao Aposentado","Bilbo, Retired Burglar",1,NM,PTEN,U,M,,196,
"O Senhor dos Anéis: Contos da Terra Média","Lord of the Rings: Tales of Middle-Earth",ltr,"Bill Samambaia, Vigarista de Bree","Bill Ferny, Bree Swindler",1,NM,PTEN,U,U,,42,
"O Senhor dos Anéis: Contos da Terra Média","Lord of the Rings: Tales of Middle-Earth",ltr,"Bill, o Ponei","Bill the Pony",1,NM,PTEN,U,W,,3,
"O Senhor dos Anéis: Contos da Terra Média","Lord of the Rings: Tales of Middle-Earth",ltr,"Boromir, Guardiao da Torre","Boromir, Warden of the Tower",1,NM,PTEN,R,W,,4,
"O Senhor dos Anéis: Contos da Terra Média","Lord of the Rings: Tales of Middle-Earth",ltr,"Bravura de Pippin","Pippin's Bravery",1,NM,PTEN,C,G,,182,
"O Senhor dos Anéis: Contos da Terra Média","Lord of the Rings: Tales of Middle-Earth",ltr,"Caes de Guarda dos Cogumelos","Mushroom Watchdogs",1,NM,PTEN,C,G,,180,
"O Senhor dos Anéis: Contos da Terra Média","Lord of the Rings: Tales of Middle-Earth",ltr,"Caminheiros de Ithilien","Rangers of Ithilien",1,NM,PTEN,R,U,,66,
"O Senhor dos Anéis: Contos da Terra Média","Lord of the Rings: Tales of Middle-Earth",ltr,"Caminheiros Dunedain","Dunedain Rangers",1,NM,PTEN,U,G,,159,
"O Senhor dos Anéis: Contos da Terra Média","Lord of the Rings: Tales of Middle-Earth",ltr,"Cancao de Bombadil","Bombadil's Song",1,NM,PTEN,C,G,,154,
"O Senhor dos Anéis: Contos da Terra Média","Lord of the Rings: Tales of Middle-Earth",ltr,"Capita de Umbar","Captain of Umbar",1,NM,PTEN,C,U,,45,
"O Senhor dos Anéis: Contos da Terra Média","Lord of the Rings: Tales of Middle-Earth",ltr,"Carrapicho, Estalajadeiro de Bree","Butterbur, Bree Innkeeper",1,NM,PTEN,U,M,,197,
"O Senhor dos Anéis: Contos da Terra Média","Lord of the Rings: Tales of Middle-Earth",ltr,"Carregado pelo Vento","Borne Upon a Wind",1,NM,PTEN,R,U,,44,
"O Senhor dos Anéis: Contos da Terra Média","Lord of the Rings: Tales of Middle-Earth",ltr,"Carregador de Bolsao","Bag End Porter",1,NM,PTEN,C,G,,153,
"O Senhor dos Anéis: Contos da Terra Média","Lord of the Rings: Tales of Middle-Earth",ltr,"Cavaleiro da Bastilha","Knight of the Keep",1,NM,PTEN,C,W,,291,
"O Senhor dos Anéis: Contos da Terra Média","Lord of the Rings: Tales of Middle-Earth",ltr,"Cavaleiro da Marca Oriental","East-Mark Cavalier",1,NM,PTEN,C,W,,9,
"O Senhor dos Anéis: Contos da Terra Média","Lord of the Rings: Tales of Middle-Earth",ltr,"Cavaleiros de Dol Amroth","Knights of Dol Amroth",1,NM,PTEN,C,U,,59,
"O Senhor dos Anéis: Contos da Terra Média","Lord of the Rings: Tales of Middle-Earth",ltr,"Cavalos do Bruinen","Horses of the Bruinen",1,NM,PTEN,U,U,,55,
"O Senhor dos Anéis: Contos da Terra Média","Lord of the Rings: Tales of Middle-Earth",ltr,"Ceifeira Tuk","Took Reaper",1,NM,PTEN,C,W,,35,
"O Senhor dos Anéis: Contos da Terra Média","Lord of the Rings: Tales of Middle-Earth",ltr,"Celeborn, o Sabio","Celeborn the Wise",1,NM,PTEN,U,G,,156,
"O Senhor dos Anéis: Contos da Terra Média","Lord of the Rings: Tales of Middle-Earth",ltr,"Cercados por Orcs","Surrounded by Orcs",1,NM,PTEN,C,U,,73,
"O Senhor dos Anéis: Contos da Terra Média","Lord of the Rings: Tales of Middle-Earth",ltr,"Chama de Anor","Flame of Anor",1,NM,PTEN,R,M,,203,
"O Senhor dos Anéis: Contos da Terra Média","Lord of the Rings: Tales of Middle-Earth",ltr,"Chamado da Ilha Perdida","Lost Isle Calling",1,NM,PTEN,R,U,,61,
"O Senhor dos Anéis: Contos da Terra Média","Lord of the Rings: Tales of Middle-Earth",ltr,"Chamado do Anel","Call of the Ring",1,NM,PTEN,R,B,,79,
"O Senhor dos Anéis: Contos da Terra Média","Lord of the Rings: Tales of Middle-Earth",ltr,"Charcote, Tirano do Condado","Sharkey, Tyrant of the Shire",1,NM,PTEN,R,M,,229,
"O Senhor dos Anéis: Contos da Terra Média","Lord of the Rings: Tales of Middle-Earth",ltr,"Chuva de Flechas","Shower of Arrows",1,NM,PTEN,C,G,,188,
"O Senhor dos Anéis: Contos da Terra Média","Lord of the Rings: Tales of Middle-Earth",ltr,"Colete de Mithril","Mithril Coat",1,NM,PTEN,R,C,,245,
"O Senhor dos Anéis: Contos da Terra Média","Lord of the Rings: Tales of Middle-Earth",ltr,"Colocar o Anel","Slip On the Ring",1,NM,PTEN,C,W,,31,
"O Senhor dos Anéis: Contos da Terra Média","Lord of the Rings: Tales of Middle-Earth",ltr,"Condestavel do Condado","Shire Shirriff",1,NM,PTEN,U,W,,30,
"O Senhor dos Anéis: Contos da Terra Média","Lord of the Rings: Tales of Middle-Earth",ltr,"Convocacao das Sombras","Shadow Summoning",1,NM,PTEN,U,M,,226,
"O Senhor dos Anéis: Contos da Terra Média","Lord of the Rings: Tales of Middle-Earth",ltr,"Coro Elfico","Elven Chorus",1,NM,PTEN,R,G,,160,
"O Senhor dos Anéis: Contos da Terra Média","Lord of the Rings: Tales of Middle-Earth",ltr,"Crebain da Terra Parda","Dunland Crebain",1,NM,PTEN,C,B,,82,
"O Senhor dos Anéis: Contos da Terra Média","Lord of the Rings: Tales of Middle-Earth",ltr,"Dadiva de Arwen","Arwen's Gift",1,NM,PTEN,C,U,,39,
"O Senhor dos Anéis: Contos da Terra Média","Lord of the Rings: Tales of Middle-Earth",ltr,"Dadiva dos Fios","Gift of Strands",1,NM,PTEN,U,G,,170,
"O Senhor dos Anéis: Contos da Terra Média","Lord of the Rings: Tales of Middle-Earth",ltr,"Deliberacao do Conselho","Council's Deliberation",1,NM,PTEN,U,U,,46,
"O Senhor dos Anéis: Contos da Terra Média","Lord of the Rings: Tales of Middle-Earth",ltr,"Demonstracao de Poder","Display of Power",1,NM,PTEN,R,R,,119,
"O Senhor dos Anéis: Contos da Terra Média","Lord of the Rings: Tales of Middle-Earth",ltr,"Denethor, Regente Governante","Denethor, Ruling Steward",1,NM,PTEN,U,M,,198,
"O Senhor dos Anéis: Contos da Terra Média","Lord of the Rings: Tales of Middle-Earth",ltr,"Desmatar a Floresta Ent","Hew the Entwood",1,NM,PTEN,M,R,,136,
"O Senhor dos Anéis: Contos da Terra Média","Lord of the Rings: Tales of Middle-Earth",ltr,"Destemidos de Osgiliath","Stalwarts of Osgiliath",1,NM,PTEN,C,W,,33,
"O Senhor dos Anéis: Contos da Terra Média","Lord of the Rings: Tales of Middle-Earth",ltr,,"Eagle of Deliverance",1,NM,PTEN,R,W,,824,
"O Senhor dos Anéis: Contos da Terra Média","Lord of the Rings: Tales of Middle-Earth",ltr,"Elanor Jardineiro","Elanor Gardner",1,NM,PTEN,R,G,,286,
"O Senhor dos Anéis: Contos da Terra Média","Lord of the Rings: Tales of Middle-Earth",ltr,"Elfos do Encontro Fortuito","Chance-Met Elves",1,NM,PTEN,C,G,,157,
"O Senhor dos Anéis: Contos da Terra Média","Lord of the Rings: Tales of Middle-Earth",ltr,"Elrond, Mestre da Cura","Elrond, Master of Healing",1,NM,PTEN,R,M,,200,
"O Senhor dos Anéis: Contos da Terra Média","Lord of the Rings: Tales of Middle-Earth",ltr,"Elrond, Senhor de Valfenda","Elrond, Lord of Rivendell",1,NM,PTEN,U,U,,49,
"O Senhor dos Anéis: Contos da Terra Média","Lord of the Rings: Tales of Middle-Earth",ltr,"Emboscada de Laracna","Shelob's Ambush",1,NM,PTEN,C,B,,108,
"O Senhor dos Anéis: Contos da Terra Média","Lord of the Rings: Tales of Middle-Earth",ltr,"Enganar o Mensageiro","Deceive the Messenger",1,NM,PTEN,C,U,,47,
"O Senhor dos Anéis: Contos da Terra Média","Lord of the Rings: Tales of Middle-Earth",ltr,"Ensopar os Coelhos","Stew the Coneys",1,NM,PTEN,U,G,,189,
"O Senhor dos Anéis: Contos da Terra Média","Lord of the Rings: Tales of Middle-Earth",ltr,"Ent Generoso","Generous Ent",1,NM,PTEN,C,G,,169,
"O Senhor dos Anéis: Contos da Terra Média","Lord of the Rings: Tales of Middle-Earth",ltr,"Envelope Herdado","Inherited Envelope",1,NM,PTEN,C,C,,242,
"O Senhor dos Anéis: Contos da Terra Média","Lord of the Rings: Tales of Middle-Earth",ltr,"Enxame de Moria","Swarming of Moria",1,NM,PTEN,C,R,,150,
"O Senhor dos Anéis: Contos da Terra Média","Lord of the Rings: Tales of Middle-Earth",ltr,"Eomer da Marca dos Cavaleiros","Eomer of the Riddermark",1,NM,PTEN,U,R,,121,
"O Senhor dos Anéis: Contos da Terra Média","Lord of the Rings: Tales of Middle-Earth",ltr,"Eomer, Marechal de Rohan","Eomer, Marshal of Rohan",1,NM,PTEN,R,R,,120,
"O Senhor dos Anéis: Contos da Terra Média","Lord of the Rings: Tales of Middle-Earth",ltr,"Eowyn, Cavaleira Destemida","Eowyn, Fearless Knight",1,NM,PTEN,R,M,,201,
"O Senhor dos Anéis: Contos da Terra Média","Lord of the Rings: Tales of Middle-Earth",ltr,"Eowyn, Senhora de Rohan","Eowyn, Lady of Rohan",1,NM,PTEN,U,W,,10,
"O Senhor dos Anéis: Contos da Terra Média","Lord of the Rings: Tales of Middle-Earth",ltr,"Erkenbrand, Senhor do Folde Ocidental","Erkenbrand, Lord of Westfold",1,NM,PTEN,U,R,,123,
"O Senhor dos Anéis: Contos da Terra Média","Lord of the Rings: Tales of Middle-Earth",ltr,"Escudeiro do Rei","Esquire of the King",1,NM,PTEN,C,W,,13,
"O Senhor dos Anéis: Contos da Terra Média","Lord of the Rings: Tales of Middle-Earth",ltr,"Esmagador Olog-hai","Olog-hai Crusher",1,NM,PTEN,C,R,,140,
"O Senhor dos Anéis: Contos da Terra Média","Lord of the Rings: Tales of Middle-Earth",ltr,"Espantalho do Condado","Shire Scarecrow",1,NM,PTEN,C,C,,249,
"O Senhor dos Anéis: Contos da Terra Média","Lord of the Rings: Tales of Middle-Earth",ltr,"Espectros do Anel",Ringwraiths,1,NM,PTEN,R,B,,284,
"O Senhor dos Anéis: Contos da Terra Média","Lord of the Rings: Tales of Middle-Earth",ltr,"Espelho de Galadriel","Mirror of Galadriel",1,NM,PTEN,U,C,,244,
"O Senhor dos Anéis: Contos da Terra Média","Lord of the Rings: Tales of Middle-Earth",ltr,"Estafeta de Gondor","Errand-Rider of Gondor",1,NM,PTEN,C,W,,11,
"O Senhor dos Anéis: Contos da Terra Média","Lord of the Rings: Tales of Middle-Earth",ltr,"Fangorn, Pastor das Arvores","Fangorn, Tree Shepherd",1,NM,PTEN,R,G,,166,
"O Senhor dos Anéis: Contos da Terra Média","Lord of the Rings: Tales of Middle-Earth",ltr,"Faramir, Comandante de Campo","Faramir, Field Commander",1,NM,PTEN,U,W,,14,
"O Senhor dos Anéis: Contos da Terra Média","Lord of the Rings: Tales of Middle-Earth",ltr,"Faramir, Principe de Ithilien","Faramir, Prince of Ithilien",1,NM,PTEN,R,M,,202,
"O Senhor dos Anéis: Contos da Terra Média","Lord of the Rings: Tales of Middle-Earth",ltr,"Fazendeira do Brandevin","Brandywine Farmer",1,NM,PTEN,C,G,,155,
"O Senhor dos Anéis: Contos da Terra Média","Lord of the Rings: Tales of Middle-Earth",ltr,"Fazendeiro da Quarta Leste","Eastfarthing Farmer",1,NM,PTEN,C,W,,8,
"O Senhor dos Anéis: Contos da Terra Média","Lord of the Rings: Tales of Middle-Earth",ltr,"Fera Atroz Voraz","Voracious Fell Beast",1,NM,PTEN,U,B,,113,
"O Senhor dos Anéis: Contos da Terra Média","Lord of the Rings: Tales of Middle-Earth",ltr,"Fera de Guerra de Gorgoroth","Warbeast of Gorgoroth",1,NM,PTEN,C,R,,152,
"O Senhor dos Anéis: Contos da Terra Média","Lord of the Rings: Tales of Middle-Earth",ltr,"Ferida de Punhal de Morgul","Morgul-Knife Wound",1,NM,PTEN,C,B,,98,
"O Senhor dos Anéis: Contos da Terra Média","Lord of the Rings: Tales of Middle-Earth",ltr,"Ferroada do Hobbit","Hobbit's Sting",1,NM,PTEN,C,W,,20,
"O Senhor dos Anéis: Contos da Terra Média","Lord of the Rings: Tales of Middle-Earth",ltr,"Ferroada, o Punhal Reluzente","Sting, the Glinting Dagger",1,NM,PTEN,R,C,,250,
"O Senhor dos Anéis: Contos da Terra Média","Lord of the Rings: Tales of Middle-Earth",ltr,"Fim da Querela","Quarrel's End",1,NM,PTEN,C,R,,141,
"O Senhor dos Anéis: Contos da Terra Média","Lord of the Rings: Tales of Middle-Earth",ltr,"Fim Terrivel","Nasty End",1,NM,PTEN,C,B,,99,
"O Senhor dos Anéis: Contos da Terra Média","Lord of the Rings: Tales of Middle-Earth",ltr,"Flamiferreira de Erebor","Erebor Flamesmith",1,NM,PTEN,C,R,,122,
"O Senhor dos Anéis: Contos da Terra Média","Lord of the Rings: Tales of Middle-Earth",ltr,"Florescimento da Arvore Branca","Flowering of the White Tree",1,NM,PTEN,R,W,,15,
"O Senhor dos Anéis: Contos da Terra Média","Lord of the Rings: Tales of Middle-Earth",ltr,"Floresta (#270)","Forest (#270)",1,NM,PTEN,C,L,,270,
"O Senhor dos Anéis: Contos da Terra Média","Lord of the Rings: Tales of Middle-Earth",ltr,"Floresta (#271)","Forest (#271)",1,NM,PTEN,C,L,,271,
"O Senhor dos Anéis: Contos da Terra Média","Lord of the Rings: Tales of Middle-Earth",ltr,"Floresta (#280)","Forest (#280)",1,NM,PTEN,C,L,,280,
"O Senhor dos Anéis: Contos da Terra Média","Lord of the Rings: Tales of Middle-Earth",ltr,"Floresta (#281)","Forest (#281)",1,NM,PTEN,C,L,,281,
"O Senhor dos Anéis: Contos da Terra Média","Lord of the Rings: Tales of Middle-Earth",ltr,"Floresta (#721)","Forest (#721)",1,NM,PTEN,C,L,,721,
"O Senhor dos Anéis: Contos da Terra Média","Lord of the Rings: Tales of Middle-Earth",ltr,"Floresta (#722)","Forest (#722)",1,NM,PTEN,C,L,,722,
"O Senhor dos Anéis: Contos da Terra Média","Lord of the Rings: Tales of Middle-Earth",ltr,"Fogo de Orthanc","Fire of Orthanc",1,NM,PTEN,C,R,,127,
"O Senhor dos Anéis: Contos da Terra Média","Lord of the Rings: Tales of Middle-Earth",ltr,"Fogos do Monte da Perdicao","Fires of Mount Doom",1,NM,PTEN,R,R,,294,
"O Senhor dos Anéis: Contos da Terra Média","Lord of the Rings: Tales of Middle-Earth",ltr,"Foguetes do Mago","Wizard's Rockets",1,NM,PTEN,C,C,,252,
"O Senhor dos Anéis: Contos da Terra Média","Lord of the Rings: Tales of Middle-Earth",ltr,"Frasco de Galadriel","Phial of Galadriel",1,NM,PTEN,R,C,,248,
"O Senhor dos Anéis: Contos da Terra Média","Lord of the Rings: Tales of Middle-Earth",ltr,"Frodo Bolseiro","Frodo Baggins",1,NM,PTEN,U,M,,205,
"O Senhor dos Anéis: Contos da Terra Média","Lord of the Rings: Tales of Middle-Earth",ltr,"Frodo, Heroi Determinado","Frodo, Determined Hero",1,NM,PTEN,R,W,,289,
"O Senhor dos Anéis: Contos da Terra Média","Lord of the Rings: Tales of Middle-Earth",ltr,"Frodo, Ruina de Sauron","Frodo, Sauron's Bane",1,NM,PTEN,R,W,,18,
"O Senhor dos Anéis: Contos da Terra Média","Lord of the Rings: Tales of Middle-Earth",ltr,"Fruta d'Ouro, Filha do Rio","Goldberry, River-Daughter",1,NM,PTEN,R,U,,52,
"O Senhor dos Anéis: Contos da Terra Média","Lord of the Rings: Tales of Middle-Earth",ltr,"Fuga de Orthanc","Escape from Orthanc",1,NM,PTEN,C,W,,12,
"O Senhor dos Anéis: Contos da Terra Média","Lord of the Rings: Tales of Middle-Earth",ltr,"Fuga do Aniversario","Birthday Escape",1,NM,PTEN,C,U,,43,
"O Senhor dos Anéis: Contos da Terra Média","Lord of the Rings: Tales of Middle-Earth",ltr,"Furia de Gimli","Gimli's Fury",1,NM,PTEN,C,R,,131,
"O Senhor dos Anéis: Contos da Terra Média","Lord of the Rings: Tales of Middle-Earth",ltr,"Furia do Ent","Ent's Fury",1,NM,PTEN,C,G,,164,
"O Senhor dos Anéis: Contos da Terra Média","Lord of the Rings: Tales of Middle-Earth",ltr,"Galadriel de Lothlorien","Galadriel of Lothlorien",1,NM,PTEN,R,M,,206,
"O Senhor dos Anéis: Contos da Terra Média","Lord of the Rings: Tales of Middle-Earth",ltr,"Galadriel, a Generosa","Galadriel, Gift-Giver",1,NM,PTEN,R,G,,296,
"O Senhor dos Anéis: Contos da Terra Média","Lord of the Rings: Tales of Middle-Earth",ltr,"Gandalf, Amigo do Condado","Gandalf, Friend of the Shire",1,NM,PTEN,U,U,,50,
"O Senhor dos Anéis: Contos da Terra Média","Lord of the Rings: Tales of Middle-Earth",ltr,"Gandalf, Cavaleiro Branco","Gandalf, White Rider",1,NM,PTEN,R,W,,290,
"O Senhor dos Anéis: Contos da Terra Média","Lord of the Rings: Tales of Middle-Earth",ltr,"Gandalf, o Branco","Gandalf the White",1,NM,PTEN,M,W,,19,
"O Senhor dos Anéis: Contos da Terra Média","Lord of the Rings: Tales of Middle-Earth",ltr,"Gandalf, o Cinza","Gandalf the Grey",1,NM,PTEN,R,M,,207,
"O Senhor dos Anéis: Contos da Terra Média","Lord of the Rings: Tales of Middle-Earth",ltr,"Gimli, Contador de Abates","Gimli, Counter of Kills",1,NM,PTEN,U,R,,129,
"O Senhor dos Anéis: Contos da Terra Média","Lord of the Rings: Tales of Middle-Earth",ltr,"Gimli, Vingador Lamentoso","Gimli, Mournful Avenger",1,NM,PTEN,R,M,,209,
"O Senhor dos Anéis: Contos da Terra Média","Lord of the Rings: Tales of Middle-Earth",ltr,"Ginete do Folde Ocidental","Westfold Rider",1,NM,PTEN,C,W,,37,
"O Senhor dos Anéis: Contos da Terra Média","Lord of the Rings: Tales of Middle-Earth",ltr,Glamdring,Glamdring,1,NM,PTEN,M,C,,239,
"O Senhor dos Anéis: Contos da Terra Média","Lord of the Rings: Tales of Middle-Earth",ltr,"Gloin, Emissario dos Anoes","Gloin, Dwarf Emissary",1,NM,PTEN,R,R,,132,
"O Senhor dos Anéis: Contos da Terra Média","Lord of the Rings: Tales of Middle-Earth",ltr,"Glorfindel, Salvador Destemido","Glorfindel, Dauntless Rescuer",1,NM,PTEN,U,G,,171,
"O Senhor dos Anéis: Contos da Terra Média","Lord of the Rings: Tales of Middle-Earth",ltr,"Goblin Veterano de Guerra","Battle-Scarred Goblin",1,NM,PTEN,C,R,,115,
"O Senhor dos Anéis: Contos da Terra Média","Lord of the Rings: Tales of Middle-Earth",ltr,"Gollum, Conspirador Paciente","Gollum, Patient Plotter",1,NM,PTEN,U,B,,84,
"O Senhor dos Anéis: Contos da Terra Média","Lord of the Rings: Tales of Middle-Earth",ltr,"Gollum, Guia Ardiloso","Gollum, Scheming Guide",1,NM,PTEN,R,B,,292,
"O Senhor dos Anéis: Contos da Terra Média","Lord of the Rings: Tales of Middle-Earth",ltr,"Golpe Fatidico de Isildur","Isildur's Fateful Strike",1,NM,PTEN,R,B,,91,
"O Senhor dos Anéis: Contos da Terra Média","Lord of the Rings: Tales of Middle-Earth",ltr,"Golpear o Imortal","Smite the Deathless",1,NM,PTEN,C,R,,148,
"O Senhor dos Anéis: Contos da Terra Média","Lord of the Rings: Tales of Middle-Earth",ltr,"Gorbag de Minas Morgul","Gorbag of Minas Morgul",1,NM,PTEN,U,B,,86,
"O Senhor dos Anéis: Contos da Terra Média","Lord of the Rings: Tales of Middle-Earth",ltr,"Gothmog, Tenente de Morgul","Gothmog, Morgul Lieutenant",1,NM,PTEN,U,B,,87,
"O Senhor dos Anéis: Contos da Terra Média","Lord of the Rings: Tales of Middle-Earth",ltr,"Grande Salao da Cidadela","Great Hall of the Citadel",1,NM,PTEN,C,L,,254,
"O Senhor dos Anéis: Contos da Terra Média","Lord of the Rings: Tales of Middle-Earth",ltr,"Grima Lingua de Cobra","Grima Wormtongue",1,NM,PTEN,U,B,,88,
"O Senhor dos Anéis: Contos da Terra Média","Lord of the Rings: Tales of Middle-Earth",ltr,"Grishnakh, Instigador Ousado","Grishnakh, Brash Instigator",1,NM,PTEN,U,R,,134,
"O Senhor dos Anéis: Contos da Terra Média","Lord of the Rings: Tales of Middle-Earth",ltr,"Grond, o Quebra-portoes","Grond, the Gatebreaker",1,NM,PTEN,U,B,,89,
"O Senhor dos Anéis: Contos da Terra Média","Lord of the Rings: Tales of Middle-Earth",ltr,"Guardia do Lago-espelho","Mirrormere Guardian",1,NM,PTEN,C,G,,179,
"O Senhor dos Anéis: Contos da Terra Média","Lord of the Rings: Tales of Middle-Earth",ltr,"Guerra da Ultima Alianca","War of the Last Alliance",1,NM,PTEN,R,W,,36,
"O Senhor dos Anéis: Contos da Terra Média","Lord of the Rings: Tales of Middle-Earth",ltr,"Guia Galadhrim","Galadhrim Guide",1,NM,PTEN,C,G,,168,
"O Senhor dos Anéis: Contos da Terra Média","Lord of the Rings: Tales of Middle-Earth",ltr,"Gwaihir, o Senhor dos Ventos","Gwaihir the Windlord",1,NM,PTEN,U,M,,210,
"O Senhor dos Anéis: Contos da Terra Média","Lord of the Rings: Tales of Middle-Earth",ltr,"Historia de Tinuviel","Tale of Tinuviel",1,NM,PTEN,U,W,,34,
"O Senhor dos Anéis: Contos da Terra Média","Lord of the Rings: Tales of Middle-Earth",ltr,"Hobbit Agil","Nimble Hobbit",1,NM,PTEN,C,W,,23,
"O Senhor dos Anéis: Contos da Terra Média","Lord of the Rings: Tales of Middle-Earth",ltr,"Hora da Ira, Hora da Ruina!","Now for Wrath, Now for Ruin!",1,NM,PTEN,C,W,,24,
"O Senhor dos Anéis: Contos da Terra Média","Lord of the Rings: Tales of Middle-Earth",ltr,"Huorn Furioso","Enraged Huorn",1,NM,PTEN,C,G,,162,
"O Senhor dos Anéis: Contos da Terra Média","Lord of the Rings: Tales of Middle-Earth",ltr,"Ilha (#264)","Island (#264)",1,NM,PTEN,C,L,,264,
"O Senhor dos Anéis: Contos da Terra Média","Lord of the Rings: Tales of Middle-Earth",ltr,"Ilha (#265)","Island (#265)",1,NM,PTEN,C,L,,265,
"O Senhor dos Anéis: Contos da Terra Média","Lord of the Rings: Tales of Middle-Earth",ltr,"Ilha (#274)","Island (#274)",1,NM,PTEN,C,L,,274,
"O Senhor dos Anéis: Contos da Terra Média","Lord of the Rings: Tales of Middle-Earth",ltr,"Ilha (#275)","Island (#275)",1,NM,PTEN,C,L,,275,
"O Senhor dos Anéis: Contos da Terra Média","Lord of the Rings: Tales of Middle-Earth",ltr,"Ilha (#715)","Island (#715)",1,NM,PTEN,C,L,,715,
"O Senhor dos Anéis: Contos da Terra Média","Lord of the Rings: Tales of Middle-Earth",ltr,"Ilha (#716)","Island (#716)",1,NM,PTEN,C,L,,716,
"O Senhor dos Anéis: Contos da Terra Média","Lord of the Rings: Tales of Middle-Earth",ltr,"Incursao de Orcs","Foray of Orcs",1,NM,PTEN,U,R,,128,
"O Senhor dos Anéis: Contos da Terra Média","Lord of the Rings: Tales of Middle-Earth",ltr,"Inscricao Ardente","Fiery Inscription",1,NM,PTEN,U,R,,126,
"O Senhor dos Anéis: Contos da Terra Média","Lord of the Rings: Tales of Middle-Earth",ltr,"Ioreth da Casa de Cura","Ioreth of the Healing House",1,NM,PTEN,U,U,,56,
"O Senhor dos Anéis: Contos da Terra Média","Lord of the Rings: Tales of Middle-Earth",ltr,"Irromper no Salao","Rush the Room",1,NM,PTEN,C,R,,147,
"O Senhor dos Anéis: Contos da Terra Média","Lord of the Rings: Tales of Middle-Earth",ltr,"Isolamento em Orthanc","Isolation at Orthanc",1,NM,PTEN,C,U,,57,
"O Senhor dos Anéis: Contos da Terra Média","Lord of the Rings: Tales of Middle-Earth",ltr,"Juramento da Hoste Cinzenta","Oath of the Grey Host",1,NM,PTEN,U,B,,101,
"O Senhor dos Anéis: Contos da Terra Média","Lord of the Rings: Tales of Middle-Earth",ltr,"La e De Volta Outra Vez","There and Back Again",1,NM,PTEN,R,R,,151,
"O Senhor dos Anéis: Contos da Terra Média","Lord of the Rings: Tales of Middle-Earth",ltr,"Lamina dos Dunedain","Dunedain Blade",1,NM,PTEN,C,W,,6,
"O Senhor dos Anéis: Contos da Terra Média","Lord of the Rings: Tales of Middle-Earth",ltr,"Lamina dos Tumulos",Barrow-Blade,1,NM,PTEN,U,C,,237,
"O Senhor dos Anéis: Contos da Terra Média","Lord of the Rings: Tales of Middle-Earth",ltr,"Lancar ao Fogo","Cast into the Fire",1,NM,PTEN,C,R,,118,
"O Senhor dos Anéis: Contos da Terra Média","Lord of the Rings: Tales of Middle-Earth",ltr,"Lanceiro Rohirrim","Rohirrim Lancer",1,NM,PTEN,C,R,,146,
"O Senhor dos Anéis: Contos da Terra Média","Lord of the Rings: Tales of Middle-Earth",ltr,"Landroval, Testemunha do Horizonte","Landroval, Horizon Witness",1,NM,PTEN,U,W,,21,
"O Senhor dos Anéis: Contos da Terra Média","Lord of the Rings: Tales of Middle-Earth",ltr,"Laracna, Filha de Ungoliant","Shelob, Child of Ungoliant",1,NM,PTEN,R,M,,230,
"O Senhor dos Anéis: Contos da Terra Média","Lord of the Rings: Tales of Middle-Earth",ltr,"Legolas, Contador de Abates","Legolas, Counter of Kills",1,NM,PTEN,U,M,,212,
"O Senhor dos Anéis: Contos da Terra Média","Lord of the Rings: Tales of Middle-Earth",ltr,"Legolas, Mestre Arqueiro","Legolas, Master Archer",1,NM,PTEN,R,G,,173,
"O Senhor dos Anéis: Contos da Terra Média","Lord of the Rings: Tales of Middle-Earth",ltr,Lembas,Lembas,1,NM,PTEN,C,C,,243,
"O Senhor dos Anéis: Contos da Terra Média","Lord of the Rings: Tales of Middle-Earth",ltr,"Livro de Mazarbul","Book of Mazarbul",1,NM,PTEN,U,R,,116,
"O Senhor dos Anéis: Contos da Terra Média","Lord of the Rings: Tales of Middle-Earth",ltr,"Lobelia Sacola-Bolseiro","Lobelia Sackville-Baggins",1,NM,PTEN,R,B,,93,
"O Senhor dos Anéis: Contos da Terra Média","Lord of the Rings: Tales of Middle-Earth",ltr,"Longa Lista dos Ents","Long List of the Ents",1,NM,PTEN,U,G,,174,
"O Senhor dos Anéis: Contos da Terra Média","Lord of the Rings: Tales of Middle-Earth",ltr,"Lorien Revelada","Lorien Revealed",1,NM,PTEN,C,U,,60,
"O Senhor dos Anéis: Contos da Terra Média","Lord of the Rings: Tales of Middle-Earth",ltr,"Lotho, Condestavel Corrupto","Lotho, Corrupt Shirriff",1,NM,PTEN,R,M,,213,
"O Senhor dos Anéis: Contos da Terra Média","Lord of the Rings: Tales of Middle-Earth",ltr,"Machado de Gimli","Gimli's Axe",1,NM,PTEN,C,R,,130,
"O Senhor dos Anéis: Contos da Terra Média","Lord of the Rings: Tales of Middle-Earth",ltr,"Marcha do Portao Negro","March from the Black Gate",1,NM,PTEN,U,B,,94,
"O Senhor dos Anéis: Contos da Terra Média","Lord of the Rings: Tales of Middle-Earth",ltr,"Marinheira Elfica","Elvish Mariner",1,NM,PTEN,R,U,,283,
"O Senhor dos Anéis: Contos da Terra Média","Lord of the Rings: Tales of Middle-Earth",ltr,"Martim-pescador de Ithilien","Ithilien Kingfisher",1,NM,PTEN,C,U,,58,
"O Senhor dos Anéis: Contos da Terra Média","Lord of the Rings: Tales of Middle-Earth",ltr,"Mauhur, Capitao Uruk-hai","Mauhur, Uruk-hai Captain",1,NM,PTEN,U,M,,214,
"O Senhor dos Anéis: Contos da Terra Média","Lord of the Rings: Tales of Middle-Earth",ltr,"Medicina Enfeiticante","Bewitching Leechcraft",1,NM,PTEN,C,U,,41,
"O Senhor dos Anéis: Contos da Terra Média","Lord of the Rings: Tales of Middle-Earth",ltr,"Medo! Fogo! Inimigos!","Fear, Fire, Foes!",1,NM,PTEN,U,R,,125,
"O Senhor dos Anéis: Contos da Terra Média","Lord of the Rings: Tales of Middle-Earth",ltr,"Meneldor, Salvador Celere","Meneldor, Swift Savior",1,NM,PTEN,U,U,,62,
"O Senhor dos Anéis: Contos da Terra Média","Lord of the Rings: Tales of Middle-Earth",ltr,"Meriadoc Brandebuque","Meriadoc Brandybuck",1,NM,PTEN,U,G,,177,
"O Senhor dos Anéis: Contos da Terra Média","Lord of the Rings: Tales of Middle-Earth",ltr,"Merry, Escudeiro de Rohan","Merry, Esquire of Rohan",1,NM,PTEN,R,M,,215,
"O Senhor dos Anéis: Contos da Terra Média","Lord of the Rings: Tales of Middle-Earth",ltr,"Mestre de Lanca Haradrim","Haradrim Spearmaster",1,NM,PTEN,C,R,,135,
"O Senhor dos Anéis: Contos da Terra Média","Lord of the Rings: Tales of Middle-Earth",ltr,"Mestres Arqueiros Orcs","Orcish Bowmasters",1,NM,PTEN,R,B,,103,
"O Senhor dos Anéis: Contos da Terra Média","Lord of the Rings: Tales of Middle-Earth",ltr,"Minas de Moria","Mines of Moria",1,NM,PTEN,R,L,,257,
"O Senhor dos Anéis: Contos da Terra Média","Lord of the Rings: Tales of Middle-Earth",ltr,"Minas Tirith","Minas Tirith",1,NM,PTEN,R,L,,256,
"O Senhor dos Anéis: Contos da Terra Média","Lord of the Rings: Tales of Middle-Earth",ltr,,"Minas Tirith Garrison",1,NM,PTEN,R,S,,825,
"O Senhor dos Anéis: Contos da Terra Média","Lord of the Rings: Tales of Middle-Earth",ltr,,"Mirkwood Channeler",1,NM,PTEN,R,S,,828,
"O Senhor dos Anéis: Contos da Terra Média","Lord of the Rings: Tales of Middle-Earth",ltr,"Mobilizacao de Mordor","Mordor Muster",1,NM,PTEN,C,B,,96,
"O Senhor dos Anéis: Contos da Terra Média","Lord of the Rings: Tales of Middle-Earth",ltr,"Montanha (#268)","Mountain (#268)",1,NM,PTEN,C,L,,268,
"O Senhor dos Anéis: Contos da Terra Média","Lord of the Rings: Tales of Middle-Earth",ltr,"Montanha (#269)","Mountain (#269)",1,NM,PTEN,C,L,,269,
"O Senhor dos Anéis: Contos da Terra Média","Lord of the Rings: Tales of Middle-Earth",ltr,"Montanha (#278)","Mountain (#278)",1,NM,PTEN,C,L,,278,
"O Senhor dos Anéis: Contos da Terra Média","Lord of the Rings: Tales of Middle-Earth",ltr,"Montanha (#279)","Mountain (#279)",1,NM,PTEN,C,L,,279,
"O Senhor dos Anéis: Contos da Terra Média","Lord of the Rings: Tales of Middle-Earth",ltr,"Montanha (#719)","Mountain (#719)",1,NM,PTEN,C,L,,719,
"O Senhor dos Anéis: Contos da Terra Média","Lord of the Rings: Tales of Middle-Earth",ltr,"Montanha (#720)","Mountain (#720)",1,NM,PTEN,C,L,,720,
"O Senhor dos Anéis: Contos da Terra Média","Lord of the Rings: Tales of Middle-Earth",ltr,"Monte da Perdicao","Mount Doom",1,NM,PTEN,M,L,,258,
"O Senhor dos Anéis: Contos da Terra Média","Lord of the Rings: Tales of Middle-Earth",ltr,"Morcegos da Floresta das Trevas","Mirkwood Bats",1,NM,PTEN,C,B,,95,
"O Senhor dos Anéis: Contos da Terra Média","Lord of the Rings: Tales of Middle-Earth",ltr,"Mordida de Gollum","Gollum's Bite",1,NM,PTEN,U,B,,85,
"O Senhor dos Anéis: Contos da Terra Média","Lord of the Rings: Tales of Middle-Earth",ltr,"Muitas Despedidas","Many Partings",1,NM,PTEN,C,G,,176,
"O Senhor dos Anéis: Contos da Terra Média","Lord of the Rings: Tales of Middle-Earth",ltr,"Nascer do Dia","Rising of the Day",1,NM,PTEN,U,R,,145,
"O Senhor dos Anéis: Contos da Terra Média","Lord of the Rings: Tales of Middle-Earth",ltr,"Navegador dos Portos Cinzentos","Grey Havens Navigator",1,NM,PTEN,C,U,,53,
"O Senhor dos Anéis: Contos da Terra Média","Lord of the Rings: Tales of Middle-Earth",ltr,,Nazgul,1,NM,PTEN,U,B,,100,
"O Senhor dos Anéis: Contos da Terra Média","Lord of the Rings: Tales of Middle-Earth",ltr,,"Nazgul (#332)",1,NM,PTEN,U,B,,332,
"O Senhor dos Anéis: Contos da Terra Média","Lord of the Rings: Tales of Middle-Earth",ltr,,"Nazgul (#333)",1,NM,PTEN,U,B,,333,
"O Senhor dos Anéis: Contos da Terra Média","Lord of the Rings: Tales of Middle-Earth",ltr,,"Nazgul (#334)",1,NM,PTEN,U,B,,334,
"O Senhor dos Anéis: Contos da Terra Média","Lord of the Rings: Tales of Middle-Earth",ltr,,"Nazgul (#335)",1,NM,PTEN,U,B,,335,
"O Senhor dos Anéis: Contos da Terra Média","Lord of the Rings: Tales of Middle-Earth",ltr,,"Nazgul (#336)",1,NM,PTEN,U,B,,336,
"O Senhor dos Anéis: Contos da Terra Média","Lord of the Rings: Tales of Middle-Earth",ltr,,"Nazgul (#337)",1,NM,PTEN,U,B,,337,
"O Senhor dos Anéis: Contos da Terra Média","Lord of the Rings: Tales of Middle-Earth",ltr,,"Nazgul (#338)",1,NM,PTEN,U,B,,338,
"O Senhor dos Anéis: Contos da Terra Média","Lord of the Rings: Tales of Middle-Earth",ltr,,"Nazgul (#339)",1,NM,PTEN,U,B,,339,
"O Senhor dos Anéis: Contos da Terra Média","Lord of the Rings: Tales of Middle-Earth",ltr,"Nevoeiro nas Colinas dos Tumulos","Fog on the Barrow-Downs",1,NM,PTEN,C,W,,16,
"O Senhor dos Anéis: Contos da Terra Média","Lord of the Rings: Tales of Middle-Earth",ltr,"Nos de Hithlain","Hithlain Knots",1,NM,PTEN,C,U,,54,
"O Senhor dos Anéis: Contos da Terra Média","Lord of the Rings: Tales of Middle-Earth",ltr,"O Anel Vai para o Sul","The Ring Goes South",1,NM,PTEN,R,G,,186,
"O Senhor dos Anéis: Contos da Terra Média","Lord of the Rings: Tales of Middle-Earth",ltr,"O Balrog, Chama de Udun","The Balrog, Flame of Udun",1,NM,PTEN,R,M,,297,
"O Senhor dos Anéis: Contos da Terra Média","Lord of the Rings: Tales of Middle-Earth",ltr,"O Balrog, Ruina de Durin","The Balrog, Durin's Bane",1,NM,PTEN,R,M,,195,
"O Senhor dos Anéis: Contos da Terra Média","Lord of the Rings: Tales of Middle-Earth",ltr,"O Boca de Sauron","The Mouth of Sauron",1,NM,PTEN,U,M,,216,
"O Senhor dos Anéis: Contos da Terra Média","Lord of the Rings: Tales of Middle-Earth",ltr,"O Condado","The Shire",1,NM,PTEN,R,L,,260,
"O Senhor dos Anéis: Contos da Terra Média","Lord of the Rings: Tales of Middle-Earth",ltr,"O Halito Negro","The Black Breath",1,NM,PTEN,C,B,,78,
"O Senhor dos Anéis: Contos da Terra Média","Lord of the Rings: Tales of Middle-Earth",ltr,"O Tormento de Gollum","The Torment of Gollum",1,NM,PTEN,C,B,,110,
"O Senhor dos Anéis: Contos da Terra Média","Lord of the Rings: Tales of Middle-Earth",ltr,"O Um Anel","The One Ring",1,NM,PTEN,M,C,,246,
"O Senhor dos Anéis: Contos da Terra Média","Lord of the Rings: Tales of Middle-Earth",ltr,"O Vigia na Agua","The Watcher in the Water",1,NM,PTEN,M,U,,75,
"O Senhor dos Anéis: Contos da Terra Média","Lord of the Rings: Tales of Middle-Earth",ltr,Olifante,Oliphaunt,1,NM,PTEN,C,R,,139,
"O Senhor dos Anéis: Contos da Terra Média","Lord of the Rings: Tales of Middle-Earth",ltr,"Os Portos Cinzentos","The Grey Havens",1,NM,PTEN,U,L,,255,
"O Senhor dos Anéis: Contos da Terra Média","Lord of the Rings: Tales of Middle-Earth",ltr,"Palantir de Orthanc","Palantir of Orthanc",1,NM,PTEN,M,C,,247,
"O Senhor dos Anéis: Contos da Terra Média","Lord of the Rings: Tales of Middle-Earth",ltr,"Pantano (#266)","Swamp (#266)",1,NM,PTEN,C,L,,266,
"O Senhor dos Anéis: Contos da Terra Média","Lord of the Rings: Tales of Middle-Earth",ltr,"Pantano (#267)","Swamp (#267)",1,NM,PTEN,C,L,,267,
"O Senhor dos Anéis: Contos da Terra Média","Lord of the Rings: Tales of Middle-Earth",ltr,"Pantano (#276)","Swamp (#276)",1,NM,PTEN,C,L,,276,
"O Senhor dos Anéis: Contos da Terra Média","Lord of the Rings: Tales of Middle-Earth",ltr,"Pantano (#277)","Swamp (#277)",1,NM,PTEN,C,L,,277,
"O Senhor dos Anéis: Contos da Terra Média","Lord of the Rings: Tales of Middle-Earth",ltr,"Pantano (#717)","Swamp (#717)",1,NM,PTEN,C,L,,717,
"O Senhor dos Anéis: Contos da Terra Média","Lord of the Rings: Tales of Middle-Earth",ltr,"Pantano (#718)","Swamp (#718)",1,NM,PTEN,C,L,,718,
"O Senhor dos Anéis: Contos da Terra Média","Lord of the Rings: Tales of Middle-Earth",ltr,"Passolargo, Caminheiro do Norte","Strider, Ranger of the North",1,NM,PTEN,U,M,,232,
"O Senhor dos Anéis: Contos da Terra Média","Lord of the Rings: Tales of Middle-Earth",ltr,"Patrulha de Cirith Ungol","Cirith Ungol Patrol",1,NM,PTEN,C,B,,80,
"O Senhor dos Anéis: Contos da Terra Média","Lord of the Rings: Tales of Middle-Earth",ltr,"Pedra de Erech","Stone of Erech",1,NM,PTEN,U,C,,251,
"O Senhor dos Anéis: Contos da Terra Média","Lord of the Rings: Tales of Middle-Earth",ltr,"Pequenina Deliciada","Delighted Halfling",1,NM,PTEN,R,G,,158,
"O Senhor dos Anéis: Contos da Terra Média","Lord of the Rings: Tales of Middle-Earth",ltr,"Perdido para as Lendas","Lost to Legend",1,NM,PTEN,U,W,,22,
"O Senhor dos Anéis: Contos da Terra Média","Lord of the Rings: Tales of Middle-Earth",ltr,"Peregrin Tuk","Peregrin Took",1,NM,PTEN,U,G,,181,
"O Senhor dos Anéis: Contos da Terra Média","Lord of the Rings: Tales of Middle-Earth",ltr,"Pergaminho de Isildur","Scroll of Isildur",1,NM,PTEN,R,U,,69,
"O Senhor dos Anéis: Contos da Terra Média","Lord of the Rings: Tales of Middle-Earth",ltr,"Pippin, Guarda da Cidadela","Pippin, Guard of the Citadel",1,NM,PTEN,R,M,,218,
"O Senhor dos Anéis: Contos da Terra Média","Lord of the Rings: Tales of Middle-Earth",ltr,"Planicie (#262)","Plains (#262)",1,NM,PTEN,C,L,,262,
"O Senhor dos Anéis: Contos da Terra Média","Lord of the Rings: Tales of Middle-Earth",ltr,"Planicie (#263)","Plains (#263)",1,NM,PTEN,C,L,,263,
"O Senhor dos Anéis: Contos da Terra Média","Lord of the Rings: Tales of Middle-Earth",ltr,"Planicie (#272)","Plains (#272)",1,NM,PTEN,C,L,,272,
"O Senhor dos Anéis: Contos da Terra Média","Lord of the Rings: Tales of Middle-Earth",ltr,"Planicie (#273)","Plains (#273)",1,NM,PTEN,C,L,,273,
"O Senhor dos Anéis: Contos da Terra Média","Lord of the Rings: Tales of Middle-Earth",ltr,"Planicie (#713)","Plains (#713)",1,NM,PTEN,C,L,,713,
"O Senhor dos Anéis: Contos da Terra Média","Lord of the Rings: Tales of Middle-Earth",ltr,"Planicie (#714)","Plains (#714)",1,NM,PTEN,C,L,,714,
"O Senhor dos Anéis: Contos da Terra Média","Lord of the Rings: Tales of Middle-Earth",ltr,"Porrete Improvisado","Improvised Club",1,NM,PTEN,C,R,,137,
"O Senhor dos Anéis: Contos da Terra Média","Lord of the Rings: Tales of Middle-Earth",ltr,"Portas de Durin","Doors of Durin",1,NM,PTEN,R,M,,199,
"O Senhor dos Anéis: Contos da Terra Média","Lord of the Rings: Tales of Middle-Earth",ltr,"Pressionar o Inimigo","Press the Enemy",1,NM,PTEN,R,U,,65,
"O Senhor dos Anéis: Contos da Terra Média","Lord of the Rings: Tales of Middle-Earth",ltr,"Principe Imrahil, o Belo","Prince Imrahil the Fair",1,NM,PTEN,U,M,,219,
"O Senhor dos Anéis: Contos da Terra Média","Lord of the Rings: Tales of Middle-Earth",ltr,"Protetor de Gondor","Protector of Gondor",1,NM,PTEN,C,W,,25,
"O Senhor dos Anéis: Contos da Terra Média","Lord of the Rings: Tales of Middle-Earth",ltr,"Queda Amarga","Bitter Downfall",1,NM,PTEN,U,B,,77,
"O Senhor dos Anéis: Contos da Terra Média","Lord of the Rings: Tales of Middle-Earth",ltr,"Queda de Cair Andros","Fall of Cair Andros",1,NM,PTEN,R,R,,124,
"O Senhor dos Anéis: Contos da Terra Média","Lord of the Rings: Tales of Middle-Earth",ltr,"Queda de Gil-galad","Fall of Gil-galad",1,NM,PTEN,R,G,,165,
"O Senhor dos Anéis: Contos da Terra Média","Lord of the Rings: Tales of Middle-Earth",ltr,"Radagast, o Marrom","Radagast the Brown",1,NM,PTEN,M,G,,184,
"O Senhor dos Anéis: Contos da Terra Média","Lord of the Rings: Tales of Middle-Earth",ltr,"Reagrupar no Forte da Trombeta","Rally at the Hornburg",1,NM,PTEN,C,R,,142,
"O Senhor dos Anéis: Contos da Terra Média","Lord of the Rings: Tales of Middle-Earth",ltr,Reforjar,"Forge Anew",1,NM,PTEN,R,W,,17,
"O Senhor dos Anéis: Contos da Terra Média","Lord of the Rings: Tales of Middle-Earth",ltr,"Rei dos Perjuros","King of the Oathbreakers",1,NM,PTEN,R,M,,211,
"O Senhor dos Anéis: Contos da Terra Média","Lord of the Rings: Tales of Middle-Earth",ltr,"Rei-bruxo de Angmar","Witch-King of Angmar",1,NM,PTEN,M,B,,114,
"O Senhor dos Anéis: Contos da Terra Média","Lord of the Rings: Tales of Middle-Earth",ltr,"Rei-bruxo, Arauto da Ruina","Witch-king, Bringer of Ruin",1,NM,PTEN,R,B,,293,
"O Senhor dos Anéis: Contos da Terra Média","Lord of the Rings: Tales of Middle-Earth",ltr,"Reivindicar o Precioso","Claim the Precious",1,NM,PTEN,C,B,,81,
"O Senhor dos Anéis: Contos da Terra Média","Lord of the Rings: Tales of Middle-Earth",ltr,"Remedio dos Orcs","Orcish Medicine",1,NM,PTEN,C,B,,104,
"O Senhor dos Anéis: Contos da Terra Média","Lord of the Rings: Tales of Middle-Earth",ltr,"Repreensao Austera","Stern Scolding",1,NM,PTEN,U,U,,71,
"O Senhor dos Anéis: Contos da Terra Média","Lord of the Rings: Tales of Middle-Earth",ltr,"Resgate de Sauron","Sauron's Ransom",1,NM,PTEN,R,M,,225,
"O Senhor dos Anéis: Contos da Terra Média","Lord of the Rings: Tales of Middle-Earth",ltr,"Resgate Desesperado de Sam","Sam's Desperate Rescue",1,NM,PTEN,C,B,,105,
"O Senhor dos Anéis: Contos da Terra Média","Lord of the Rings: Tales of Middle-Earth",ltr,"Restauracao Entica","Entish Restoration",1,NM,PTEN,U,G,,163,
"O Senhor dos Anéis: Contos da Terra Média","Lord of the Rings: Tales of Middle-Earth",ltr,"Revitalizar o Condado","Revive the Shire",1,NM,PTEN,C,G,,185,
"O Senhor dos Anéis: Contos da Terra Média","Lord of the Rings: Tales of Middle-Earth",ltr,,"Riders of the Mark",1,NM,PTEN,R,S,,827,
"O Senhor dos Anéis: Contos da Terra Média","Lord of the Rings: Tales of Middle-Earth",ltr,"Rivalidade Amigavel","Friendly Rivalry",1,NM,PTEN,U,M,,204,
"O Senhor dos Anéis: Contos da Terra Média","Lord of the Rings: Tales of Middle-Earth",ltr,"Rohirrim Incansavel","Relentless Rohirrim",1,NM,PTEN,C,R,,144,
"O Senhor dos Anéis: Contos da Terra Média","Lord of the Rings: Tales of Middle-Earth",ltr,"Rosa Villa da Alameda Sul","Rosie Cotton of South Lane",1,NM,PTEN,U,W,,27,
"O Senhor dos Anéis: Contos da Terra Média","Lord of the Rings: Tales of Middle-Earth",ltr,"Salta-fogo Goblin","Goblin Fireleaper",1,NM,PTEN,U,R,,133,
"O Senhor dos Anéis: Contos da Terra Média","Lord of the Rings: Tales of Middle-Earth",ltr,"Samwise Gamgi","Samwise Gamgee",1,NM,PTEN,R,M,,222,
"O Senhor dos Anéis: Contos da Terra Média","Lord of the Rings: Tales of Middle-Earth",ltr,"Samwise, o Destemido","Samwise the Stouthearted",1,NM,PTEN,U,W,,28,
"O Senhor dos Anéis: Contos da Terra Média","Lord of the Rings: Tales of Middle-Earth",ltr,"Sancao de Gandalf","Gandalf's Sanction",1,NM,PTEN,U,M,,208,
"O Senhor dos Anéis: Contos da Terra Média","Lord of the Rings: Tales of Middle-Earth",ltr,"Saqueador de Moria","Moria Marauder",1,NM,PTEN,R,R,,138,
"O Senhor dos Anéis: Contos da Terra Média","Lord of the Rings: Tales of Middle-Earth",ltr,"Saradoc, Mestre da Terra dos Buques","Saradoc, Master of Buckland",1,NM,PTEN,R,W,,282,
"O Senhor dos Anéis: Contos da Terra Média","Lord of the Rings: Tales of Middle-Earth",ltr,"Saruman das Muitas Cores","Saruman of Many Colors",1,NM,PTEN,M,M,,223,
"O Senhor dos Anéis: Contos da Terra Média","Lord of the Rings: Tales of Middle-Earth",ltr,"Saruman, o Branco","Saruman the White",1,NM,PTEN,U,U,,67,
"O Senhor dos Anéis: Contos da Terra Média","Lord of the Rings: Tales of Middle-Earth",ltr,"Sauron, o Necromante","Sauron, the Necromancer",1,NM,PTEN,R,B,,106,
"O Senhor dos Anéis: Contos da Terra Média","Lord of the Rings: Tales of Middle-Earth",ltr,"Sauron, O Olho Sem Palpebra","Sauron, the Lidless Eye",1,NM,PTEN,M,M,,288,
"O Senhor dos Anéis: Contos da Terra Média","Lord of the Rings: Tales of Middle-Earth",ltr,"Sauron, o Senhor Sombrio","Sauron, the Dark Lord",1,NM,PTEN,M,M,,224,
"O Senhor dos Anéis: Contos da Terra Média","Lord of the Rings: Tales of Middle-Earth",ltr,"Scadufax, Senhor dos Cavalos","Shadowfax, Lord of Horses",1,NM,PTEN,U,M,,227,
"O Senhor dos Anéis: Contos da Terra Média","Lord of the Rings: Tales of Middle-Earth",ltr,"Segundo Cafe da Manha","Second Breakfast",1,NM,PTEN,C,W,,29,
"O Senhor dos Anéis: Contos da Terra Média","Lord of the Rings: Tales of Middle-Earth",ltr,"Separacao da Sociedade","Breaking of the Fellowship",1,NM,PTEN,C,R,,117,
"O Senhor dos Anéis: Contos da Terra Média","Lord of the Rings: Tales of Middle-Earth",ltr,"Shagrat, Carregador de Espolios","Shagrat, Loot Bearer",1,NM,PTEN,R,M,,228,
"O Senhor dos Anéis: Contos da Terra Média","Lord of the Rings: Tales of Middle-Earth",ltr,"Smeagol, Guia Solicito","Smeagol, Helpful Guide",1,NM,PTEN,R,M,,231,
"O Senhor dos Anéis: Contos da Terra Média","Lord of the Rings: Tales of Middle-Earth",ltr,"Sobrevivente de Pelargir","Pelargir Survivor",1,NM,PTEN,C,U,,64,
"O Senhor dos Anéis: Contos da Terra Média","Lord of the Rings: Tales of Middle-Earth",ltr,"Soldado da Hoste Cinzenta","Soldier of the Grey Host",1,NM,PTEN,C,W,,32,
"O Senhor dos Anéis: Contos da Terra Média","Lord of the Rings: Tales of Middle-Earth",ltr,"Sombra do Inimigo","Shadow of the Enemy",1,NM,PTEN,M,B,,107,
"O Senhor dos Anéis: Contos da Terra Média","Lord of the Rings: Tales of Middle-Earth",ltr,"Tempestade de Saruman","Storm of Saruman",1,NM,PTEN,M,U,,72,
"O Senhor dos Anéis: Contos da Terra Média","Lord of the Rings: Tales of Middle-Earth",ltr,"Terraco do Condado","Shire Terrace",1,NM,PTEN,C,L,,261,
"O Senhor dos Anéis: Contos da Terra Média","Lord of the Rings: Tales of Middle-Earth",ltr,"Theoden, Rei de Rohan","Theoden, King of Rohan",1,NM,PTEN,U,M,,233,
"O Senhor dos Anéis: Contos da Terra Média","Lord of the Rings: Tales of Middle-Earth",ltr,"Ticao do Caminheiro","Ranger's Firebrand",1,NM,PTEN,U,R,,143,
"O Senhor dos Anéis: Contos da Terra Média","Lord of the Rings: Tales of Middle-Earth",ltr,"Tom Bombadil","Tom Bombadil",1,NM,PTEN,M,M,,234,
"O Senhor dos Anéis: Contos da Terra Média","Lord of the Rings: Tales of Middle-Earth",ltr,"Trabuco de Mordor","Mordor Trebuchet",1,NM,PTEN,C,B,,97,
"O Senhor dos Anéis: Contos da Terra Média","Lord of the Rings: Tales of Middle-Earth",ltr,"Traicao de Isengard","Treason of Isengard",1,NM,PTEN,C,U,,74,
"O Senhor dos Anéis: Contos da Terra Média","Lord of the Rings: Tales of Middle-Earth",ltr,"Trilheira Wose","Wose Pathfinder",1,NM,PTEN,C,G,,190,
"O Senhor dos Anéis: Contos da Terra Média","Lord of the Rings: Tales of Middle-Earth",ltr,"Trol de Khazad-dum","Troll of Khazad-dum",1,NM,PTEN,C,B,,111,
"O Senhor dos Anéis: Contos da Terra Média","Lord of the Rings: Tales of Middle-Earth",ltr,"Trombeta da Marca","Horn of the Mark",1,NM,PTEN,R,C,,241,
"O Senhor dos Anéis: Contos da Terra Média","Lord of the Rings: Tales of Middle-Earth",ltr,"Trombeta de Gondor","Horn of Gondor",1,NM,PTEN,R,C,,240,
"O Senhor dos Anéis: Contos da Terra Média","Lord of the Rings: Tales of Middle-Earth",ltr,"Tronquesperto, Jovem Ent","Quickbeam, Upstart Ent",1,NM,PTEN,U,G,,183,
"O Senhor dos Anéis: Contos da Terra Média","Lord of the Rings: Tales of Middle-Earth",ltr,"Ugluk da Mao Branca","Ugluk of the White Hand",1,NM,PTEN,U,M,,235,
"O Senhor dos Anéis: Contos da Terra Média","Lord of the Rings: Tales of Middle-Earth",ltr,"Ultima Marcha dos Ents","Last March of the Ents",1,NM,PTEN,M,G,,172,
"O Senhor dos Anéis: Contos da Terra Média","Lord of the Rings: Tales of Middle-Earth",ltr,"Um Anel Para Todos Governar","One Ring to Rule Them All",1,NM,PTEN,R,B,,102,
"O Senhor dos Anéis: Contos da Terra Média","Lord of the Rings: Tales of Middle-Earth",ltr,Valfenda,Rivendell,1,NM,PTEN,R,L,,259,
"O Senhor dos Anéis: Contos da Terra Média","Lord of the Rings: Tales of Middle-Earth",ltr,"Vanguarda dos Lestenses","Easterling Vanguard",1,NM,PTEN,C,B,,83,
"O Senhor dos Anéis: Contos da Terra Média","Lord of the Rings: Tales of Middle-Earth",ltr,"Velho Salgueiro-homem","Old Man Willow",1,NM,PTEN,U,M,,217,
"O Senhor dos Anéis: Contos da Terra Média","Lord of the Rings: Tales of Middle-Earth",ltr,"Vendaval Glorioso","Glorious Gale",1,NM,PTEN,C,U,,51,
"O Senhor dos Anéis: Contos da Terra Média","Lord of the Rings: Tales of Middle-Earth",ltr,"Vento do Salgueiro",Willow-Wind,1,NM,PTEN,C,U,,76,
"O Senhor dos Anéis: Contos da Terra Média","Lord of the Rings: Tales of Middle-Earth",ltr,"Vigia do Nimrodel","Nimrodel Watcher",1,NM,PTEN,C,U,,63,
"O Senhor dos Anéis: Contos da Terra Média","Lord of the Rings: Tales of Middle-Earth",ltr,"Visao do Anel",Ringsight,1,NM,PTEN,U,M,,220,
"O Senhor dos Anéis: Contos da Terra Média","Lord of the Rings: Tales of Middle-Earth",ltr,"Visao Longinqua Elfica","Elven Farsight",1,NM,PTEN,C,G,,161,
"O Senhor dos Anéis: Contos da Terra Média","Lord of the Rings: Tales of Middle-Earth",ltr,"Voce Nao Pode Passar!","You Cannot Pass!",1,NM,PTEN,U,W,,38,
"O Senhor dos Anéis: Contos da Terra Média","Lord of the Rings: Tales of Middle-Earth",ltr,,"Warg Rider",1,NM,PTEN,R,S,,826,
"O Senhor dos Anéis: Contos da Terra Média","Lord of the Rings: Tales of Middle-Earth",ltr,"Warg Rosnador","Snarling Warg",1,NM,PTEN,C,B,,109,
"O Senhor dos Anéis: Contos da Terra Média (Borderless Lands Surge Foil)","Lord of the Rings: Tales of Middle-Earth (Borderless Lands Surge Foil)",lsltr,,Barad-dur,1,NM,PTEN,R,L,,751,
"O Senhor dos Anéis: Contos da Terra Média (Borderless Lands Surge Foil)","Lord of the Rings: Tales of Middle-Earth (Borderless Lands Surge Foil)",lsltr,"Minas de Moria","Mines of Moria",1,NM,PTEN,R,L,,753,
"O Senhor dos Anéis: Contos da Terra Média (Borderless Lands Surge Foil)","Lord of the Rings: Tales of Middle-Earth (Borderless Lands Surge Foil)",lsltr,"Minas Tirith","Minas Tirith",1,NM,PTEN,R,L,,752,
"O Senhor dos Anéis: Contos da Terra Média (Borderless Lands Surge Foil)","Lord of the Rings: Tales of Middle-Earth (Borderless Lands Surge Foil)",lsltr,"Monte da Perdicao","Mount Doom",1,NM,PTEN,M,L,,754,
"O Senhor dos Anéis: Contos da Terra Média (Borderless Lands Surge Foil)","Lord of the Rings: Tales of Middle-Earth (Borderless Lands Surge Foil)",lsltr,"O Condado","The Shire",1,NM,PTEN,R,L,,756,
"O Senhor dos Anéis: Contos da Terra Média (Borderless Lands Surge Foil)","Lord of the Rings: Tales of Middle-Earth (Borderless Lands Surge Foil)",lsltr,Valfenda,Rivendell,1,NM,PTEN,R,L,,755,
"O Senhor dos Anéis: Contos da Terra Média (Borderless Lands)","Lord of the Rings: Tales of Middle-Earth (Borderless Lands)",blltr,,Barad-dur,1,NM,PTEN,R,L,,340,
"O Senhor dos Anéis: Contos da Terra Média (Borderless Lands)","Lord of the Rings: Tales of Middle-Earth (Borderless Lands)",blltr,"Minas de Moria","Mines of Moria",1,NM,PTEN,R,L,,342,
"O Senhor dos Anéis: Contos da Terra Média (Borderless Lands)","Lord of the Rings: Tales of Middle-Earth (Borderless Lands)",blltr,"Minas Tirith","Minas Tirith",1,NM,PTEN,R,L,,341,
"O Senhor dos Anéis: Contos da Terra Média (Borderless Lands)","Lord of the Rings: Tales of Middle-Earth (Borderless Lands)",blltr,"Monte da Perdicao","Mount Doom",1,NM,PTEN,M,L,,343,
"O Senhor dos Anéis: Contos da Terra Média (Borderless Lands)","Lord of the Rings: Tales of Middle-Earth (Borderless Lands)",blltr,"O Condado","The Shire",1,NM,PTEN,R,L,,345,
"O Senhor dos Anéis: Contos da Terra Média (Borderless Lands)","Lord of the Rings: Tales of Middle-Earth (Borderless Lands)",blltr,Valfenda,Rivendell,1,NM,PTEN,R,L,,344,
"O Senhor dos Anéis: Contos da Terra Média (Borderless Scene)","Lord of the Rings: Tales of Middle-Earth (Borderless Scene)",bltr,"Acoite do Balrog","Lash of the Balrog",1,NM,PTEN,C,B,,408,
"O Senhor dos Anéis: Contos da Terra Média (Borderless Scene)","Lord of the Rings: Tales of Middle-Earth (Borderless Scene)",bltr,"Aragorn, Lider da Sociedade","Aragorn, Company Leader",1,NM,PTEN,R,M,,410,
"O Senhor dos Anéis: Contos da Terra Média (Borderless Scene)","Lord of the Rings: Tales of Middle-Earth (Borderless Scene)",bltr,"Aragorn, o Unificador","Aragorn, the Uniter",1,NM,PTEN,M,M,,434,
"O Senhor dos Anéis: Contos da Terra Média (Borderless Scene)","Lord of the Rings: Tales of Middle-Earth (Borderless Scene)",bltr,"Bandidagem Descarada","Spiteful Banditry",1,NM,PTEN,M,R,,439,
"O Senhor dos Anéis: Contos da Terra Média (Borderless Scene)","Lord of the Rings: Tales of Middle-Earth (Borderless Scene)",bltr,,Barad-dur,1,NM,PTEN,R,L,,425,
"O Senhor dos Anéis: Contos da Terra Média (Borderless Scene)","Lord of the Rings: Tales of Middle-Earth (Borderless Scene)",bltr,"Boromir, Guardiao da Torre","Boromir, Warden of the Tower",1,NM,PTEN,R,W,,407,
"O Senhor dos Anéis: Contos da Terra Média (Borderless Scene)","Lord of the Rings: Tales of Middle-Earth (Borderless Scene)",bltr,"Bravura de Pippin","Pippin's Bravery",1,NM,PTEN,C,G,,414,
"O Senhor dos Anéis: Contos da Terra Média (Borderless Scene)","Lord of the Rings: Tales of Middle-Earth (Borderless Scene)",bltr,"Cavaleiros de Dol Amroth","Knights of Dol Amroth",1,NM,PTEN,C,U,,432,
"O Senhor dos Anéis: Contos da Terra Média (Borderless Scene)","Lord of the Rings: Tales of Middle-Earth (Borderless Scene)",bltr,"Chama de Anor","Flame of Anor",1,NM,PTEN,R,M,,406,
"O Senhor dos Anéis: Contos da Terra Média (Borderless Scene)","Lord of the Rings: Tales of Middle-Earth (Borderless Scene)",bltr,"Chamado da Ilha Perdida","Lost Isle Calling",1,NM,PTEN,R,U,,444,
"O Senhor dos Anéis: Contos da Terra Média (Borderless Scene)","Lord of the Rings: Tales of Middle-Earth (Borderless Scene)",bltr,"Condestavel do Condado","Shire Shirriff",1,NM,PTEN,U,W,,441,
"O Senhor dos Anéis: Contos da Terra Média (Borderless Scene)","Lord of the Rings: Tales of Middle-Earth (Borderless Scene)",bltr,"Crebain da Terra Parda","Dunland Crebain",1,NM,PTEN,C,B,,411,
"O Senhor dos Anéis: Contos da Terra Média (Borderless Scene)","Lord of the Rings: Tales of Middle-Earth (Borderless Scene)",bltr,"Elrond, Mestre da Cura","Elrond, Master of Healing",1,NM,PTEN,R,M,,447,
"O Senhor dos Anéis: Contos da Terra Média (Borderless Scene)","Lord of the Rings: Tales of Middle-Earth (Borderless Scene)",bltr,"Eomer, Marechal de Rohan","Eomer, Marshal of Rohan",1,NM,PTEN,R,R,,428,
"O Senhor dos Anéis: Contos da Terra Média (Borderless Scene)","Lord of the Rings: Tales of Middle-Earth (Borderless Scene)",bltr,"Eowyn, Cavaleira Destemida","Eowyn, Fearless Knight",1,NM,PTEN,R,M,,430,
"O Senhor dos Anéis: Contos da Terra Média (Borderless Scene)","Lord of the Rings: Tales of Middle-Earth (Borderless Scene)",bltr,"Fangorn, Pastor das Arvores","Fangorn, Tree Shepherd",1,NM,PTEN,R,G,,415,
"O Senhor dos Anéis: Contos da Terra Média (Borderless Scene)","Lord of the Rings: Tales of Middle-Earth (Borderless Scene)",bltr,"Fera Atroz Voraz","Voracious Fell Beast",1,NM,PTEN,U,B,,422,
"O Senhor dos Anéis: Contos da Terra Média (Borderless Scene)","Lord of the Rings: Tales of Middle-Earth (Borderless Scene)",bltr,"Ferroada, o Punhal Reluzente","Sting, the Glinting Dagger",1,NM,PTEN,R,C,,409,
"O Senhor dos Anéis: Contos da Terra Média (Borderless Scene)","Lord of the Rings: Tales of Middle-Earth (Borderless Scene)",bltr,"Fim Terrivel","Nasty End",1,NM,PTEN,C,B,,416,
"O Senhor dos Anéis: Contos da Terra Média (Borderless Scene)","Lord of the Rings: Tales of Middle-Earth (Borderless Scene)",bltr,"Galadriel de Lothlorien","Galadriel of Lothlorien",1,NM,PTEN,R,M,,446,
"O Senhor dos Anéis: Contos da Terra Média (Borderless Scene)","Lord of the Rings: Tales of Middle-Earth (Borderless Scene)",bltr,"Gandalf, o Branco","Gandalf the White",1,NM,PTEN,M,W,,442,
"O Senhor dos Anéis: Contos da Terra Média (Borderless Scene)","Lord of the Rings: Tales of Middle-Earth (Borderless Scene)",bltr,"Gimli, Vingador Lamentoso","Gimli, Mournful Avenger",1,NM,PTEN,R,M,,436,
"O Senhor dos Anéis: Contos da Terra Média (Borderless Scene)","Lord of the Rings: Tales of Middle-Earth (Borderless Scene)",bltr,"Gothmog, Tenente de Morgul","Gothmog, Morgul Lieutenant",1,NM,PTEN,U,B,,429,
"O Senhor dos Anéis: Contos da Terra Média (Borderless Scene)","Lord of the Rings: Tales of Middle-Earth (Borderless Scene)",bltr,"Incursao de Orcs","Foray of Orcs",1,NM,PTEN,U,R,,417,
"O Senhor dos Anéis: Contos da Terra Média (Borderless Scene)","Lord of the Rings: Tales of Middle-Earth (Borderless Scene)",bltr,"Legolas, Mestre Arqueiro","Legolas, Master Archer",1,NM,PTEN,R,G,,435,
"O Senhor dos Anéis: Contos da Terra Média (Borderless Scene)","Lord of the Rings: Tales of Middle-Earth (Borderless Scene)",bltr,"Merry, Escudeiro de Rohan","Merry, Esquire of Rohan",1,NM,PTEN,R,M,,437,
"O Senhor dos Anéis: Contos da Terra Média (Borderless Scene)","Lord of the Rings: Tales of Middle-Earth (Borderless Scene)",bltr,"Mestres Arqueiros Orcs","Orcish Bowmasters",1,NM,PTEN,R,B,,433,
"O Senhor dos Anéis: Contos da Terra Média (Borderless Scene)","Lord of the Rings: Tales of Middle-Earth (Borderless Scene)",bltr,"Minas Tirith","Minas Tirith",1,NM,PTEN,R,L,,420,
"O Senhor dos Anéis: Contos da Terra Média (Borderless Scene)","Lord of the Rings: Tales of Middle-Earth (Borderless Scene)",bltr,"Morcegos da Floresta das Trevas","Mirkwood Bats",1,NM,PTEN,C,B,,421,
"O Senhor dos Anéis: Contos da Terra Média (Borderless Scene)","Lord of the Rings: Tales of Middle-Earth (Borderless Scene)",bltr,"Muitas Despedidas","Many Partings",1,NM,PTEN,C,G,,445,
"O Senhor dos Anéis: Contos da Terra Média (Borderless Scene)","Lord of the Rings: Tales of Middle-Earth (Borderless Scene)",bltr,"Nascer do Dia","Rising of the Day",1,NM,PTEN,U,R,,427,
"O Senhor dos Anéis: Contos da Terra Média (Borderless Scene)","Lord of the Rings: Tales of Middle-Earth (Borderless Scene)",bltr,"O Balrog, Ruina de Durin","The Balrog, Durin's Bane",1,NM,PTEN,R,M,,405,
"O Senhor dos Anéis: Contos da Terra Média (Borderless Scene)","Lord of the Rings: Tales of Middle-Earth (Borderless Scene)",bltr,Olifante,Oliphaunt,1,NM,PTEN,C,R,,426,
"O Senhor dos Anéis: Contos da Terra Média (Borderless Scene)","Lord of the Rings: Tales of Middle-Earth (Borderless Scene)",bltr,"Os Portos Cinzentos","The Grey Havens",1,NM,PTEN,U,L,,443,
"O Senhor dos Anéis: Contos da Terra Média (Borderless Scene)","Lord of the Rings: Tales of Middle-Earth (Borderless Scene)",bltr,"Pippin, Guarda da Cidadela","Pippin, Guard of the Citadel",1,NM,PTEN,R,M,,438,
"O Senhor dos Anéis: Contos da Terra Média (Borderless Scene)","Lord of the Rings: Tales of Middle-Earth (Borderless Scene)",bltr,"Principe Imrahil, o Belo","Prince Imrahil the Fair",1,NM,PTEN,U,M,,431,
"O Senhor dos Anéis: Contos da Terra Média (Borderless Scene)","Lord of the Rings: Tales of Middle-Earth (Borderless Scene)",bltr,"Rei-bruxo de Angmar","Witch-King of Angmar",1,NM,PTEN,M,B,,423,
"O Senhor dos Anéis: Contos da Terra Média (Borderless Scene)","Lord of the Rings: Tales of Middle-Earth (Borderless Scene)",bltr,"Rosa Villa da Alameda Sul","Rosie Cotton of South Lane",1,NM,PTEN,U,W,,440,
"O Senhor dos Anéis: Contos da Terra Média (Borderless Scene)","Lord of the Rings: Tales of Middle-Earth (Borderless Scene)",bltr,"Saruman das Muitas Cores","Saruman of Many Colors",1,NM,PTEN,M,M,,412,
"O Senhor dos Anéis: Contos da Terra Média (Borderless Scene)","Lord of the Rings: Tales of Middle-Earth (Borderless Scene)",bltr,"Sombra do Inimigo","Shadow of the Enemy",1,NM,PTEN,M,B,,424,
"O Senhor dos Anéis: Contos da Terra Média (Borderless Scene)","Lord of the Rings: Tales of Middle-Earth (Borderless Scene)",bltr,"Tempestade de Saruman","Storm of Saruman",1,NM,PTEN,M,U,,413,
"O Senhor dos Anéis: Contos da Terra Média (Borderless Scene)","Lord of the Rings: Tales of Middle-Earth (Borderless Scene)",bltr,"Tronquesperto, Jovem Ent","Quickbeam, Upstart Ent",1,NM,PTEN,U,G,,419,
"O Senhor dos Anéis: Contos da Terra Média (Borderless Scene)","Lord of the Rings: Tales of Middle-Earth (Borderless Scene)",bltr,"Ultima Marcha dos Ents","Last March of the Ents",1,NM,PTEN,M,G,,418,
"O Senhor dos Anéis: Contos da Terra Média (Extended Art Surge Foil)","Lord of the Rings: Tales of Middle-Earth (Extended Art Surge Foil)",esltr,"A Batalha de Beiragua","The Battle of Bywater",1,NM,PTEN,R,W,,757,
"O Senhor dos Anéis: Contos da Terra Média (Extended Art Surge Foil)","Lord of the Rings: Tales of Middle-Earth (Extended Art Surge Foil)",esltr,"Alvorecer de Uma Nova Era","Dawn of a New Age",1,NM,PTEN,M,W,,758,
"O Senhor dos Anéis: Contos da Terra Média (Extended Art Surge Foil)","Lord of the Rings: Tales of Middle-Earth (Extended Art Surge Foil)",esltr,"Anduril, Chama do Oeste","Anduril, Flame of the West",1,NM,PTEN,M,C,,786,
"O Senhor dos Anéis: Contos da Terra Média (Extended Art Surge Foil)","Lord of the Rings: Tales of Middle-Earth (Extended Art Surge Foil)",esltr,"Arwen, Rainha Mortal","Arwen, Mortal Queen",1,NM,PTEN,M,M,,778,
"O Senhor dos Anéis: Contos da Terra Média (Extended Art Surge Foil)","Lord of the Rings: Tales of Middle-Earth (Extended Art Surge Foil)",esltr,"Caminheiros de Ithilien","Rangers of Ithilien",1,NM,PTEN,R,U,,764,
"O Senhor dos Anéis: Contos da Terra Média (Extended Art Surge Foil)","Lord of the Rings: Tales of Middle-Earth (Extended Art Surge Foil)",esltr,"Carregado pelo Vento","Borne Upon a Wind",1,NM,PTEN,R,U,,761,
"O Senhor dos Anéis: Contos da Terra Média (Extended Art Surge Foil)","Lord of the Rings: Tales of Middle-Earth (Extended Art Surge Foil)",esltr,"Chamado do Anel","Call of the Ring",1,NM,PTEN,R,B,,766,
"O Senhor dos Anéis: Contos da Terra Média (Extended Art Surge Foil)","Lord of the Rings: Tales of Middle-Earth (Extended Art Surge Foil)",esltr,"Charcote, Tirano do Condado","Sharkey, Tyrant of the Shire",1,NM,PTEN,R,M,,784,
"O Senhor dos Anéis: Contos da Terra Média (Extended Art Surge Foil)","Lord of the Rings: Tales of Middle-Earth (Extended Art Surge Foil)",esltr,"Colete de Mithril","Mithril Coat",1,NM,PTEN,R,C,,790,
"O Senhor dos Anéis: Contos da Terra Média (Extended Art Surge Foil)","Lord of the Rings: Tales of Middle-Earth (Extended Art Surge Foil)",esltr,"Coro Elfico","Elven Chorus",1,NM,PTEN,R,G,,775,
"O Senhor dos Anéis: Contos da Terra Média (Extended Art Surge Foil)","Lord of the Rings: Tales of Middle-Earth (Extended Art Surge Foil)",esltr,"Demonstracao de Poder","Display of Power",1,NM,PTEN,R,R,,769,
"O Senhor dos Anéis: Contos da Terra Média (Extended Art Surge Foil)","Lord of the Rings: Tales of Middle-Earth (Extended Art Surge Foil)",esltr,"Desmatar a Floresta Ent","Hew the Entwood",1,NM,PTEN,M,R,,772,
"O Senhor dos Anéis: Contos da Terra Média (Extended Art Surge Foil)","Lord of the Rings: Tales of Middle-Earth (Extended Art Surge Foil)",esltr,"Florescimento da Arvore Branca","Flowering of the White Tree",1,NM,PTEN,R,W,,759,
"O Senhor dos Anéis: Contos da Terra Média (Extended Art Surge Foil)","Lord of the Rings: Tales of Middle-Earth (Extended Art Surge Foil)",esltr,"Frasco de Galadriel","Phial of Galadriel",1,NM,PTEN,R,C,,793,
"O Senhor dos Anéis: Contos da Terra Média (Extended Art Surge Foil)","Lord of the Rings: Tales of Middle-Earth (Extended Art Surge Foil)",esltr,"Fruta d'Ouro, Filha do Rio","Goldberry, River-Daughter",1,NM,PTEN,R,U,,762,
"O Senhor dos Anéis: Contos da Terra Média (Extended Art Surge Foil)","Lord of the Rings: Tales of Middle-Earth (Extended Art Surge Foil)",esltr,Glamdring,Glamdring,1,NM,PTEN,M,C,,787,
"O Senhor dos Anéis: Contos da Terra Média (Extended Art Surge Foil)","Lord of the Rings: Tales of Middle-Earth (Extended Art Surge Foil)",esltr,"Gloin, Emissario dos Anoes","Gloin, Dwarf Emissary",1,NM,PTEN,R,R,,771,
"O Senhor dos Anéis: Contos da Terra Média (Extended Art Surge Foil)","Lord of the Rings: Tales of Middle-Earth (Extended Art Surge Foil)",esltr,"Golpe Fatidico de Isildur","Isildur's Fateful Strike",1,NM,PTEN,R,B,,767,
"O Senhor dos Anéis: Contos da Terra Média (Extended Art Surge Foil)","Lord of the Rings: Tales of Middle-Earth (Extended Art Surge Foil)",esltr,"Laracna, Filha de Ungoliant","Shelob, Child of Ungoliant",1,NM,PTEN,R,M,,785,
"O Senhor dos Anéis: Contos da Terra Média (Extended Art Surge Foil)","Lord of the Rings: Tales of Middle-Earth (Extended Art Surge Foil)",esltr,"Lobelia Sacola-Bolseiro","Lobelia Sackville-Baggins",1,NM,PTEN,R,B,,768,
"O Senhor dos Anéis: Contos da Terra Média (Extended Art Surge Foil)","Lord of the Rings: Tales of Middle-Earth (Extended Art Surge Foil)",esltr,"Lotho, Condestavel Corrupto","Lotho, Corrupt Shirriff",1,NM,PTEN,R,M,,781,
"O Senhor dos Anéis: Contos da Terra Média (Extended Art Surge Foil)","Lord of the Rings: Tales of Middle-Earth (Extended Art Surge Foil)",esltr,"O Anel Vai para o Sul","The Ring Goes South",1,NM,PTEN,R,G,,777,
"O Senhor dos Anéis: Contos da Terra Média (Extended Art Surge Foil)","Lord of the Rings: Tales of Middle-Earth (Extended Art Surge Foil)",esltr,"O Um Anel","The One Ring",1,NM,PTEN,M,C,,791,
"O Senhor dos Anéis: Contos da Terra Média (Extended Art Surge Foil)","Lord of the Rings: Tales of Middle-Earth (Extended Art Surge Foil)",esltr,"O Vigia na Agua","The Watcher in the Water",1,NM,PTEN,M,U,,765,
"O Senhor dos Anéis: Contos da Terra Média (Extended Art Surge Foil)","Lord of the Rings: Tales of Middle-Earth (Extended Art Surge Foil)",esltr,"Palantir de Orthanc","Palantir of Orthanc",1,NM,PTEN,M,C,,792,
"O Senhor dos Anéis: Contos da Terra Média (Extended Art Surge Foil)","Lord of the Rings: Tales of Middle-Earth (Extended Art Surge Foil)",esltr,"Pequenina Deliciada","Delighted Halfling",1,NM,PTEN,R,G,,774,
"O Senhor dos Anéis: Contos da Terra Média (Extended Art Surge Foil)","Lord of the Rings: Tales of Middle-Earth (Extended Art Surge Foil)",esltr,"Portas de Durin","Doors of Durin",1,NM,PTEN,R,M,,779,
"O Senhor dos Anéis: Contos da Terra Média (Extended Art Surge Foil)","Lord of the Rings: Tales of Middle-Earth (Extended Art Surge Foil)",esltr,"Pressionar o Inimigo","Press the Enemy",1,NM,PTEN,R,U,,763,
"O Senhor dos Anéis: Contos da Terra Média (Extended Art Surge Foil)","Lord of the Rings: Tales of Middle-Earth (Extended Art Surge Foil)",esltr,"Queda de Cair Andros","Fall of Cair Andros",1,NM,PTEN,R,R,,770,
"O Senhor dos Anéis: Contos da Terra Média (Extended Art Surge Foil)","Lord of the Rings: Tales of Middle-Earth (Extended Art Surge Foil)",esltr,"Radagast, o Marrom","Radagast the Brown",1,NM,PTEN,M,G,,776,
"O Senhor dos Anéis: Contos da Terra Média (Extended Art Surge Foil)","Lord of the Rings: Tales of Middle-Earth (Extended Art Surge Foil)",esltr,Reforjar,"Forge Anew",1,NM,PTEN,R,W,,760,
"O Senhor dos Anéis: Contos da Terra Média (Extended Art Surge Foil)","Lord of the Rings: Tales of Middle-Earth (Extended Art Surge Foil)",esltr,"Rei dos Perjuros","King of the Oathbreakers",1,NM,PTEN,R,M,,780,
"O Senhor dos Anéis: Contos da Terra Média (Extended Art Surge Foil)","Lord of the Rings: Tales of Middle-Earth (Extended Art Surge Foil)",esltr,"Resgate de Sauron","Sauron's Ransom",1,NM,PTEN,R,M,,782,
"O Senhor dos Anéis: Contos da Terra Média (Extended Art Surge Foil)","Lord of the Rings: Tales of Middle-Earth (Extended Art Surge Foil)",esltr,"Saqueador de Moria","Moria Marauder",1,NM,PTEN,R,R,,773,
"O Senhor dos Anéis: Contos da Terra Média (Extended Art Surge Foil)","Lord of the Rings: Tales of Middle-Earth (Extended Art Surge Foil)",esltr,"Shagrat, Carregador de Espolios","Shagrat, Loot Bearer",1,NM,PTEN,R,M,,783,
"O Senhor dos Anéis: Contos da Terra Média (Extended Art Surge Foil)","Lord of the Rings: Tales of Middle-Earth (Extended Art Surge Foil)",esltr,"Trombeta da Marca","Horn of the Mark",1,NM,PTEN,R,C,,789,
"O Senhor dos Anéis: Contos da Terra Média (Extended Art Surge Foil)","Lord of the Rings: Tales of Middle-Earth (Extended Art Surge Foil)",esltr,"Trombeta de Gondor","Horn of Gondor",1,NM,PTEN,R,C,,788,
"O Senhor dos Anéis: Contos da Terra Média (Extended Art)","Lord of the Rings: Tales of Middle-Earth (Extended Art)",exltr,"A Batalha de Beiragua","The Battle of Bywater",1,NM,PTEN,R,W,,346,
"O Senhor dos Anéis: Contos da Terra Média (Extended Art)","Lord of the Rings: Tales of Middle-Earth (Extended Art)",exltr,"Alvorecer de Uma Nova Era","Dawn of a New Age",1,NM,PTEN,M,W,,347,
"O Senhor dos Anéis: Contos da Terra Média (Extended Art)","Lord of the Rings: Tales of Middle-Earth (Extended Art)",exltr,"Anduril, Chama do Oeste","Anduril, Flame of the West",1,NM,PTEN,M,C,,375,
"O Senhor dos Anéis: Contos da Terra Média (Extended Art)","Lord of the Rings: Tales of Middle-Earth (Extended Art)",exltr,"Anel de Bilbo","Bilbo's Ring",1,NM,PTEN,R,C,,397,
"O Senhor dos Anéis: Contos da Terra Média (Extended Art)","Lord of the Rings: Tales of Middle-Earth (Extended Art)",exltr,"Aragorn e Arwen, Casados","Aragorn and Arwen, Wed",1,NM,PTEN,M,M,,394,
"O Senhor dos Anéis: Contos da Terra Média (Extended Art)","Lord of the Rings: Tales of Middle-Earth (Extended Art)",exltr,"Arwen, Rainha Mortal","Arwen, Mortal Queen",1,NM,PTEN,M,M,,367,
"O Senhor dos Anéis: Contos da Terra Média (Extended Art)","Lord of the Rings: Tales of Middle-Earth (Extended Art)",exltr,"Ataque a Osgiliath","Assault on Osgiliath",1,NM,PTEN,R,R,,386,
"O Senhor dos Anéis: Contos da Terra Média (Extended Art)","Lord of the Rings: Tales of Middle-Earth (Extended Art)",exltr,"Caminheiros de Ithilien","Rangers of Ithilien",1,NM,PTEN,R,U,,353,
"O Senhor dos Anéis: Contos da Terra Média (Extended Art)","Lord of the Rings: Tales of Middle-Earth (Extended Art)",exltr,"Carregado pelo Vento","Borne Upon a Wind",1,NM,PTEN,R,U,,350,
"O Senhor dos Anéis: Contos da Terra Média (Extended Art)","Lord of the Rings: Tales of Middle-Earth (Extended Art)",exltr,"Chamado do Anel","Call of the Ring",1,NM,PTEN,R,B,,355,
"O Senhor dos Anéis: Contos da Terra Média (Extended Art)","Lord of the Rings: Tales of Middle-Earth (Extended Art)",exltr,"Charcote, Tirano do Condado","Sharkey, Tyrant of the Shire",1,NM,PTEN,R,M,,373,
"O Senhor dos Anéis: Contos da Terra Média (Extended Art)","Lord of the Rings: Tales of Middle-Earth (Extended Art)",exltr,"Colete de Mithril","Mithril Coat",1,NM,PTEN,R,C,,379,
"O Senhor dos Anéis: Contos da Terra Média (Extended Art)","Lord of the Rings: Tales of Middle-Earth (Extended Art)",exltr,"Coro Elfico","Elven Chorus",1,NM,PTEN,R,G,,364,
"O Senhor dos Anéis: Contos da Terra Média (Extended Art)","Lord of the Rings: Tales of Middle-Earth (Extended Art)",exltr,"Demonstracao de Poder","Display of Power",1,NM,PTEN,R,R,,358,
"O Senhor dos Anéis: Contos da Terra Média (Extended Art)","Lord of the Rings: Tales of Middle-Earth (Extended Art)",exltr,"Desmatar a Floresta Ent","Hew the Entwood",1,NM,PTEN,M,R,,361,
"O Senhor dos Anéis: Contos da Terra Média (Extended Art)","Lord of the Rings: Tales of Middle-Earth (Extended Art)",exltr,,"Eagle of Deliverance",1,NM,PTEN,R,W,,829,
"O Senhor dos Anéis: Contos da Terra Média (Extended Art)","Lord of the Rings: Tales of Middle-Earth (Extended Art)",exltr,"Elanor Jardineiro","Elanor Gardner",1,NM,PTEN,R,G,,387,
"O Senhor dos Anéis: Contos da Terra Média (Extended Art)","Lord of the Rings: Tales of Middle-Earth (Extended Art)",exltr,"Espectros do Anel",Ringwraiths,1,NM,PTEN,R,B,,385,
"O Senhor dos Anéis: Contos da Terra Média (Extended Art)","Lord of the Rings: Tales of Middle-Earth (Extended Art)",exltr,"Florescimento da Arvore Branca","Flowering of the White Tree",1,NM,PTEN,R,W,,348,
"O Senhor dos Anéis: Contos da Terra Média (Extended Art)","Lord of the Rings: Tales of Middle-Earth (Extended Art)",exltr,"Fogos do Monte da Perdicao","Fires of Mount Doom",1,NM,PTEN,R,R,,392,
"O Senhor dos Anéis: Contos da Terra Média (Extended Art)","Lord of the Rings: Tales of Middle-Earth (Extended Art)",exltr,"Frasco de Galadriel","Phial of Galadriel",1,NM,PTEN,R,C,,382,
"O Senhor dos Anéis: Contos da Terra Média (Extended Art)","Lord of the Rings: Tales of Middle-Earth (Extended Art)",exltr,"Frodo, Heroi Determinado","Frodo, Determined Hero",1,NM,PTEN,R,W,,388,
"O Senhor dos Anéis: Contos da Terra Média (Extended Art)","Lord of the Rings: Tales of Middle-Earth (Extended Art)",exltr,"Fruta d'Ouro, Filha do Rio","Goldberry, River-Daughter",1,NM,PTEN,R,U,,351,
"O Senhor dos Anéis: Contos da Terra Média (Extended Art)","Lord of the Rings: Tales of Middle-Earth (Extended Art)",exltr,"Galadriel, a Generosa","Galadriel, Gift-Giver",1,NM,PTEN,R,G,,393,
"O Senhor dos Anéis: Contos da Terra Média (Extended Art)","Lord of the Rings: Tales of Middle-Earth (Extended Art)",exltr,"Gandalf, Cavaleiro Branco","Gandalf, White Rider",1,NM,PTEN,R,W,,389,
"O Senhor dos Anéis: Contos da Terra Média (Extended Art)","Lord of the Rings: Tales of Middle-Earth (Extended Art)",exltr,Glamdring,Glamdring,1,NM,PTEN,M,C,,376,
"O Senhor dos Anéis: Contos da Terra Média (Extended Art)","Lord of the Rings: Tales of Middle-Earth (Extended Art)",exltr,"Gloin, Emissario dos Anoes","Gloin, Dwarf Emissary",1,NM,PTEN,R,R,,360,
"O Senhor dos Anéis: Contos da Terra Média (Extended Art)","Lord of the Rings: Tales of Middle-Earth (Extended Art)",exltr,"Gollum, Guia Ardiloso","Gollum, Scheming Guide",1,NM,PTEN,R,B,,390,
"O Senhor dos Anéis: Contos da Terra Média (Extended Art)","Lord of the Rings: Tales of Middle-Earth (Extended Art)",exltr,"Golpe Fatidico de Isildur","Isildur's Fateful Strike",1,NM,PTEN,R,B,,356,
"O Senhor dos Anéis: Contos da Terra Média (Extended Art)","Lord of the Rings: Tales of Middle-Earth (Extended Art)",exltr,"Laracna, Filha de Ungoliant","Shelob, Child of Ungoliant",1,NM,PTEN,R,M,,374,
"O Senhor dos Anéis: Contos da Terra Média (Extended Art)","Lord of the Rings: Tales of Middle-Earth (Extended Art)",exltr,"Lobelia Sacola-Bolseiro","Lobelia Sackville-Baggins",1,NM,PTEN,R,B,,357,
"O Senhor dos Anéis: Contos da Terra Média (Extended Art)","Lord of the Rings: Tales of Middle-Earth (Extended Art)",exltr,"Lotho, Condestavel Corrupto","Lotho, Corrupt Shirriff",1,NM,PTEN,R,M,,370,
"O Senhor dos Anéis: Contos da Terra Média (Extended Art)","Lord of the Rings: Tales of Middle-Earth (Extended Art)",exltr,"Marinheira Elfica","Elvish Mariner",1,NM,PTEN,R,U,,384,
"O Senhor dos Anéis: Contos da Terra Média (Extended Art)","Lord of the Rings: Tales of Middle-Earth (Extended Art)",exltr,,"Minas Tirith Garrison",1,NM,PTEN,R,S,,830,
"O Senhor dos Anéis: Contos da Terra Média (Extended Art)","Lord of the Rings: Tales of Middle-Earth (Extended Art)",exltr,,"Mirkwood Channeler",1,NM,PTEN,R,S,,833,
"O Senhor dos Anéis: Contos da Terra Média (Extended Art)","Lord of the Rings: Tales of Middle-Earth (Extended Art)",exltr,"O Anel Vai para o Sul","The Ring Goes South",1,NM,PTEN,R,G,,366,
"O Senhor dos Anéis: Contos da Terra Média (Extended Art)","Lord of the Rings: Tales of Middle-Earth (Extended Art)",exltr,"O Balrog, Chama de Udun","The Balrog, Flame of Udun",1,NM,PTEN,R,M,,395,
"O Senhor dos Anéis: Contos da Terra Média (Extended Art)","Lord of the Rings: Tales of Middle-Earth (Extended Art)",exltr,"O Um Anel","The One Ring",1,NM,PTEN,M,C,,380,
"O Senhor dos Anéis: Contos da Terra Média (Extended Art)","Lord of the Rings: Tales of Middle-Earth (Extended Art)",exltr,"O Vigia na Agua","The Watcher in the Water",1,NM,PTEN,M,U,,354,
"O Senhor dos Anéis: Contos da Terra Média (Extended Art)","Lord of the Rings: Tales of Middle-Earth (Extended Art)",exltr,"Palantir de Orthanc","Palantir of Orthanc",1,NM,PTEN,M,C,,381,
"O Senhor dos Anéis: Contos da Terra Média (Extended Art)","Lord of the Rings: Tales of Middle-Earth (Extended Art)",exltr,"Pequenina Deliciada","Delighted Halfling",1,NM,PTEN,R,G,,363,
"O Senhor dos Anéis: Contos da Terra Média (Extended Art)","Lord of the Rings: Tales of Middle-Earth (Extended Art)",exltr,"Portas de Durin","Doors of Durin",1,NM,PTEN,R,M,,368,
"O Senhor dos Anéis: Contos da Terra Média (Extended Art)","Lord of the Rings: Tales of Middle-Earth (Extended Art)",exltr,"Pressionar o Inimigo","Press the Enemy",1,NM,PTEN,R,U,,352,
"O Senhor dos Anéis: Contos da Terra Média (Extended Art)","Lord of the Rings: Tales of Middle-Earth (Extended Art)",exltr,"Queda de Cair Andros","Fall of Cair Andros",1,NM,PTEN,R,R,,359,
"O Senhor dos Anéis: Contos da Terra Média (Extended Art)","Lord of the Rings: Tales of Middle-Earth (Extended Art)",exltr,"Radagast, o Marrom","Radagast the Brown",1,NM,PTEN,M,G,,365,
"O Senhor dos Anéis: Contos da Terra Média (Extended Art)","Lord of the Rings: Tales of Middle-Earth (Extended Art)",exltr,Reforjar,"Forge Anew",1,NM,PTEN,R,W,,349,
"O Senhor dos Anéis: Contos da Terra Média (Extended Art)","Lord of the Rings: Tales of Middle-Earth (Extended Art)",exltr,"Rei dos Perjuros","King of the Oathbreakers",1,NM,PTEN,R,M,,369,
"O Senhor dos Anéis: Contos da Terra Média (Extended Art)","Lord of the Rings: Tales of Middle-Earth (Extended Art)",exltr,"Rei-bruxo, Arauto da Ruina","Witch-king, Bringer of Ruin",1,NM,PTEN,R,B,,391,
"O Senhor dos Anéis: Contos da Terra Média (Extended Art)","Lord of the Rings: Tales of Middle-Earth (Extended Art)",exltr,"Resgate de Sauron","Sauron's Ransom",1,NM,PTEN,R,M,,371,
"O Senhor dos Anéis: Contos da Terra Média (Extended Art)","Lord of the Rings: Tales of Middle-Earth (Extended Art)",exltr,,"Riders of the Mark",1,NM,PTEN,R,S,,832,
"O Senhor dos Anéis: Contos da Terra Média (Extended Art)","Lord of the Rings: Tales of Middle-Earth (Extended Art)",exltr,"Saqueador de Moria","Moria Marauder",1,NM,PTEN,R,R,,362,
"O Senhor dos Anéis: Contos da Terra Média (Extended Art)","Lord of the Rings: Tales of Middle-Earth (Extended Art)",exltr,"Saradoc, Mestre da Terra dos Buques","Saradoc, Master of Buckland",1,NM,PTEN,R,W,,383,
"O Senhor dos Anéis: Contos da Terra Média (Extended Art)","Lord of the Rings: Tales of Middle-Earth (Extended Art)",exltr,"Sauron, O Olho Sem Palpebra","Sauron, the Lidless Eye",1,NM,PTEN,M,M,,396,
"O Senhor dos Anéis: Contos da Terra Média (Extended Art)","Lord of the Rings: Tales of Middle-Earth (Extended Art)",exltr,"Shagrat, Carregador de Espolios","Shagrat, Loot Bearer",1,NM,PTEN,R,M,,372,
"O Senhor dos Anéis: Contos da Terra Média (Extended Art)","Lord of the Rings: Tales of Middle-Earth (Extended Art)",exltr,"Trombeta da Marca","Horn of the Mark",1,NM,PTEN,R,C,,378,
"O Senhor dos Anéis: Contos da Terra Média (Extended Art)","Lord of the Rings: Tales of Middle-Earth (Extended Art)",exltr,"Trombeta de Gondor","Horn of Gondor",1,NM,PTEN,R,C,,377,
"O Senhor dos Anéis: Contos da Terra Média (Extended Art)","Lord of the Rings: Tales of Middle-Earth (Extended Art)",exltr,,"Warg Rider",1,NM,PTEN,R,S,,831,
"O Senhor dos Anéis: Contos da Terra Média (Poster)","Lord of the Rings: Tales of Middle-Earth (Poster)",poltr,"Alvorecer de Uma Nova Era","Dawn of a New Age",1,NM,PTEN,M,W,,731,
"O Senhor dos Anéis: Contos da Terra Média (Poster)","Lord of the Rings: Tales of Middle-Earth (Poster)",poltr,"Anduril, Chama do Oeste","Anduril, Flame of the West",1,NM,PTEN,M,C,,746,
"O Senhor dos Anéis: Contos da Terra Média (Poster)","Lord of the Rings: Tales of Middle-Earth (Poster)",poltr,"Aragorn, o Unificador","Aragorn, the Uniter",1,NM,PTEN,M,M,,741,
"O Senhor dos Anéis: Contos da Terra Média (Poster)","Lord of the Rings: Tales of Middle-Earth (Poster)",poltr,"Arwen, Rainha Mortal","Arwen, Mortal Queen",1,NM,PTEN,M,M,,742,
"O Senhor dos Anéis: Contos da Terra Média (Poster)","Lord of the Rings: Tales of Middle-Earth (Poster)",poltr,"Bandidagem Descarada","Spiteful Banditry",1,NM,PTEN,M,R,,738,
"O Senhor dos Anéis: Contos da Terra Média (Poster)","Lord of the Rings: Tales of Middle-Earth (Poster)",poltr,"Desmatar a Floresta Ent","Hew the Entwood",1,NM,PTEN,M,R,,737,
"O Senhor dos Anéis: Contos da Terra Média (Poster)","Lord of the Rings: Tales of Middle-Earth (Poster)",poltr,"Gandalf, o Branco","Gandalf the White",1,NM,PTEN,M,W,,732,
"O Senhor dos Anéis: Contos da Terra Média (Poster)","Lord of the Rings: Tales of Middle-Earth (Poster)",poltr,Glamdring,Glamdring,1,NM,PTEN,M,C,,747,
"O Senhor dos Anéis: Contos da Terra Média (Poster)","Lord of the Rings: Tales of Middle-Earth (Poster)",poltr,"Monte da Perdicao","Mount Doom",1,NM,PTEN,M,L,,750,
"O Senhor dos Anéis: Contos da Terra Média (Poster)","Lord of the Rings: Tales of Middle-Earth (Poster)",poltr,"O Um Anel","The One Ring",1,NM,PTEN,M,C,,748,
"O Senhor dos Anéis: Contos da Terra Média (Poster)","Lord of the Rings: Tales of Middle-Earth (Poster)",poltr,"O Vigia na Agua","The Watcher in the Water",1,NM,PTEN,M,U,,734,
"O Senhor dos Anéis: Contos da Terra Média (Poster)","Lord of the Rings: Tales of Middle-Earth (Poster)",poltr,"Palantir de Orthanc","Palantir of Orthanc",1,NM,PTEN,M,C,,749,
"O Senhor dos Anéis: Contos da Terra Média (Poster)","Lord of the Rings: Tales of Middle-Earth (Poster)",poltr,"Radagast, o Marrom","Radagast the Brown",1,NM,PTEN,M,G,,740,
"O Senhor dos Anéis: Contos da Terra Média (Poster)","Lord of the Rings: Tales of Middle-Earth (Poster)",poltr,"Rei-bruxo de Angmar","Witch-King of Angmar",1,NM,PTEN,M,B,,736,
"O Senhor dos Anéis: Contos da Terra Média (Poster)","Lord of the Rings: Tales of Middle-Earth (Poster)",poltr,"Saruman das Muitas Cores","Saruman of Many Colors",1,NM,PTEN,M,M,,743,
"O Senhor dos Anéis: Contos da Terra Média (Poster)","Lord of the Rings: Tales of Middle-Earth (Poster)",poltr,"Sauron, o Senhor Sombrio","Sauron, the Dark Lord",1,NM,PTEN,M,M,,744,
"O Senhor dos Anéis: Contos da Terra Média (Poster)","Lord of the Rings: Tales of Middle-Earth (Poster)",poltr,"Sombra do Inimigo","Shadow of the Enemy",1,NM,PTEN,M,B,,735,
"O Senhor dos Anéis: Contos da Terra Média (Poster)","Lord of the Rings: Tales of Middle-Earth (Poster)",poltr,"Tempestade de Saruman","Storm of Saruman",1,NM,PTEN,M,U,,733,
"O Senhor dos Anéis: Contos da Terra Média (Poster)","Lord of the Rings: Tales of Middle-Earth (Poster)",poltr,"Tom Bombadil","Tom Bombadil",1,NM,PTEN,M,M,,745,
"O Senhor dos Anéis: Contos da Terra Média (Poster)","Lord of the Rings: Tales of Middle-Earth (Poster)",poltr,"Ultima Marcha dos Ents","Last March of the Ents",1,NM,PTEN,M,G,,739,
"O Senhor dos Anéis: Contos da Terra Média (Promo)","Lord of the Rings: Tales of Middle-Earth (Promo)",pltr,"Bilbo, Ladrao Aposentado","Bilbo, Retired Burglar",1,NM,PTEN,U,M,,403,
"O Senhor dos Anéis: Contos da Terra Média (Promo)","Lord of the Rings: Tales of Middle-Earth (Promo)",pltr,"Broche de Lorien // Botas do Desbravador","Lorien Brooch // Trailblazer's Boots",1,NM,PTEN,R,C,,398,
"O Senhor dos Anéis: Contos da Terra Média (Promo)","Lord of the Rings: Tales of Middle-Earth (Promo)",pltr,"Foguetes do Mago","Wizard's Rockets",1,NM,PTEN,C,C,,400,
"O Senhor dos Anéis: Contos da Terra Média (Promo)","Lord of the Rings: Tales of Middle-Earth (Promo)",pltr,"Frodo Bolseiro","Frodo Baggins",1,NM,PTEN,U,M,,404,
"O Senhor dos Anéis: Contos da Terra Média (Promo)","Lord of the Rings: Tales of Middle-Earth (Promo)",pltr,"Frodo, Ruina de Sauron","Frodo, Sauron's Bane",1,NM,PTEN,R,W,,448,
"O Senhor dos Anéis: Contos da Terra Média (Promo)","Lord of the Rings: Tales of Middle-Earth (Promo)",pltr,"Gandalf, Amigo do Condado","Gandalf, Friend of the Shire",1,NM,PTEN,U,U,,401,
"O Senhor dos Anéis: Contos da Terra Média (Promo)","Lord of the Rings: Tales of Middle-Earth (Promo)",pltr,"Gandalf, o Branco","Gandalf the White",1,NM,PTEN,M,W,,299,
"O Senhor dos Anéis: Contos da Terra Média (Promo)","Lord of the Rings: Tales of Middle-Earth (Promo)",pltr,"Gollum, Conspirador Paciente","Gollum, Patient Plotter",1,NM,PTEN,U,B,,450,
"O Senhor dos Anéis: Contos da Terra Média (Promo)","Lord of the Rings: Tales of Middle-Earth (Promo)",pltr,"Lobelia Sacola-Bolseiro","Lobelia Sackville-Baggins",1,NM,PTEN,R,B,,399,
"O Senhor dos Anéis: Contos da Terra Média (Promo)","Lord of the Rings: Tales of Middle-Earth (Promo)",pltr,"O Um Anel","The One Ring",1,NM,PTEN,M,C,,451,
"O Senhor dos Anéis: Contos da Terra Média (Promo)","Lord of the Rings: Tales of Middle-Earth (Promo)",pltr,"Pequenina Deliciada","Delighted Halfling",1,NM,PTEN,R,G,,402,
"O Senhor dos Anéis: Contos da Terra Média (Promo)","Lord of the Rings: Tales of Middle-Earth (Promo)",pltr,"Samwise, o Destemido","Samwise the Stouthearted",1,NM,PTEN,U,W,,449,
"O Senhor dos Anéis: Contos da Terra Média (Promo)","Lord of the Rings: Tales of Middle-Earth (Promo)",pltr,"Saruman das Muitas Cores","Saruman of Many Colors",1,NM,PTEN,M,M,,300,
"O Senhor dos Anéis: Contos da Terra Média (Promo)","Lord of the Rings: Tales of Middle-Earth (Promo)",pltr,"Sauron, o Senhor Sombrio","Sauron, the Dark Lord",1,NM,PTEN,M,M,,301,
"O Senhor dos Anéis: Contos da Terra Média (Showcase Ring Surge Foil)","Lord of the Rings: Tales of Middle-Earth (Showcase Ring Surge Foil)",rsltr,"Aragorn, Lider da Sociedade","Aragorn, Company Leader",1,NM,PTEN,R,M,,808,
"O Senhor dos Anéis: Contos da Terra Média (Showcase Ring Surge Foil)","Lord of the Rings: Tales of Middle-Earth (Showcase Ring Surge Foil)",rsltr,"Aragorn, o Unificador","Aragorn, the Uniter",1,NM,PTEN,M,M,,809,
"O Senhor dos Anéis: Contos da Terra Média (Showcase Ring Surge Foil)","Lord of the Rings: Tales of Middle-Earth (Showcase Ring Surge Foil)",rsltr,"Boromir, Guardiao da Torre","Boromir, Warden of the Tower",1,NM,PTEN,R,W,,794,
"O Senhor dos Anéis: Contos da Terra Média (Showcase Ring Surge Foil)","Lord of the Rings: Tales of Middle-Earth (Showcase Ring Surge Foil)",rsltr,"Elrond, Mestre da Cura","Elrond, Master of Healing",1,NM,PTEN,R,M,,810,
"O Senhor dos Anéis: Contos da Terra Média (Showcase Ring Surge Foil)","Lord of the Rings: Tales of Middle-Earth (Showcase Ring Surge Foil)",rsltr,"Elrond, Senhor de Valfenda","Elrond, Lord of Rivendell",1,NM,PTEN,U,U,,799,
"O Senhor dos Anéis: Contos da Terra Média (Showcase Ring Surge Foil)","Lord of the Rings: Tales of Middle-Earth (Showcase Ring Surge Foil)",rsltr,"Faramir, Comandante de Campo","Faramir, Field Commander",1,NM,PTEN,U,W,,795,
"O Senhor dos Anéis: Contos da Terra Média (Showcase Ring Surge Foil)","Lord of the Rings: Tales of Middle-Earth (Showcase Ring Surge Foil)",rsltr,"Faramir, Principe de Ithilien","Faramir, Prince of Ithilien",1,NM,PTEN,R,M,,811,
"O Senhor dos Anéis: Contos da Terra Média (Showcase Ring Surge Foil)","Lord of the Rings: Tales of Middle-Earth (Showcase Ring Surge Foil)",rsltr,"Frodo Bolseiro","Frodo Baggins",1,NM,PTEN,U,M,,812,
"O Senhor dos Anéis: Contos da Terra Média (Showcase Ring Surge Foil)","Lord of the Rings: Tales of Middle-Earth (Showcase Ring Surge Foil)",rsltr,"Frodo, Ruina de Sauron","Frodo, Sauron's Bane",1,NM,PTEN,R,W,,796,
"O Senhor dos Anéis: Contos da Terra Média (Showcase Ring Surge Foil)","Lord of the Rings: Tales of Middle-Earth (Showcase Ring Surge Foil)",rsltr,"Galadriel de Lothlorien","Galadriel of Lothlorien",1,NM,PTEN,R,M,,813,
"O Senhor dos Anéis: Contos da Terra Média (Showcase Ring Surge Foil)","Lord of the Rings: Tales of Middle-Earth (Showcase Ring Surge Foil)",rsltr,"Gandalf, Amigo do Condado","Gandalf, Friend of the Shire",1,NM,PTEN,U,U,,800,
"O Senhor dos Anéis: Contos da Terra Média (Showcase Ring Surge Foil)","Lord of the Rings: Tales of Middle-Earth (Showcase Ring Surge Foil)",rsltr,"Gandalf, o Branco","Gandalf the White",1,NM,PTEN,M,W,,797,
"O Senhor dos Anéis: Contos da Terra Média (Showcase Ring Surge Foil)","Lord of the Rings: Tales of Middle-Earth (Showcase Ring Surge Foil)",rsltr,"Gandalf, o Cinza","Gandalf the Grey",1,NM,PTEN,R,M,,814,
"O Senhor dos Anéis: Contos da Terra Média (Showcase Ring Surge Foil)","Lord of the Rings: Tales of Middle-Earth (Showcase Ring Surge Foil)",rsltr,"Gimli, Contador de Abates","Gimli, Counter of Kills",1,NM,PTEN,U,R,,804,
"O Senhor dos Anéis: Contos da Terra Média (Showcase Ring Surge Foil)","Lord of the Rings: Tales of Middle-Earth (Showcase Ring Surge Foil)",rsltr,"Gimli, Vingador Lamentoso","Gimli, Mournful Avenger",1,NM,PTEN,R,M,,815,
"O Senhor dos Anéis: Contos da Terra Média (Showcase Ring Surge Foil)","Lord of the Rings: Tales of Middle-Earth (Showcase Ring Surge Foil)",rsltr,"Gollum, Conspirador Paciente","Gollum, Patient Plotter",1,NM,PTEN,U,B,,801,
"O Senhor dos Anéis: Contos da Terra Média (Showcase Ring Surge Foil)","Lord of the Rings: Tales of Middle-Earth (Showcase Ring Surge Foil)",rsltr,"Legolas, Contador de Abates","Legolas, Counter of Kills",1,NM,PTEN,U,M,,816,
"O Senhor dos Anéis: Contos da Terra Média (Showcase Ring Surge Foil)","Lord of the Rings: Tales of Middle-Earth (Showcase Ring Surge Foil)",rsltr,"Legolas, Mestre Arqueiro","Legolas, Master Archer",1,NM,PTEN,R,G,,805,
"O Senhor dos Anéis: Contos da Terra Média (Showcase Ring Surge Foil)","Lord of the Rings: Tales of Middle-Earth (Showcase Ring Surge Foil)",rsltr,"Meriadoc Brandebuque","Meriadoc Brandybuck",1,NM,PTEN,U,G,,806,
"O Senhor dos Anéis: Contos da Terra Média (Showcase Ring Surge Foil)","Lord of the Rings: Tales of Middle-Earth (Showcase Ring Surge Foil)",rsltr,"Merry, Escudeiro de Rohan","Merry, Esquire of Rohan",1,NM,PTEN,R,M,,817,
"O Senhor dos Anéis: Contos da Terra Média (Showcase Ring Surge Foil)","Lord of the Rings: Tales of Middle-Earth (Showcase Ring Surge Foil)",rsltr,"Peregrin Tuk","Peregrin Took",1,NM,PTEN,U,G,,807,
"O Senhor dos Anéis: Contos da Terra Média (Showcase Ring Surge Foil)","Lord of the Rings: Tales of Middle-Earth (Showcase Ring Surge Foil)",rsltr,"Pippin, Guarda da Cidadela","Pippin, Guard of the Citadel",1,NM,PTEN,R,M,,818,
"O Senhor dos Anéis: Contos da Terra Média (Showcase Ring Surge Foil)","Lord of the Rings: Tales of Middle-Earth (Showcase Ring Surge Foil)",rsltr,"Rei-bruxo de Angmar","Witch-King of Angmar",1,NM,PTEN,M,B,,803,
"O Senhor dos Anéis: Contos da Terra Média (Showcase Ring Surge Foil)","Lord of the Rings: Tales of Middle-Earth (Showcase Ring Surge Foil)",rsltr,"Samwise Gamgi","Samwise Gamgee",1,NM,PTEN,R,M,,819,
"O Senhor dos Anéis: Contos da Terra Média (Showcase Ring Surge Foil)","Lord of the Rings: Tales of Middle-Earth (Showcase Ring Surge Foil)",rsltr,"Samwise, o Destemido","Samwise the Stouthearted",1,NM,PTEN,U,W,,798,
"O Senhor dos Anéis: Contos da Terra Média (Showcase Ring Surge Foil)","Lord of the Rings: Tales of Middle-Earth (Showcase Ring Surge Foil)",rsltr,"Saruman das Muitas Cores","Saruman of Many Colors",1,NM,PTEN,M,M,,820,
"O Senhor dos Anéis: Contos da Terra Média (Showcase Ring Surge Foil)","Lord of the Rings: Tales of Middle-Earth (Showcase Ring Surge Foil)",rsltr,"Sauron, o Necromante","Sauron, the Necromancer",1,NM,PTEN,R,B,,802,
"O Senhor dos Anéis: Contos da Terra Média (Showcase Ring Surge Foil)","Lord of the Rings: Tales of Middle-Earth (Showcase Ring Surge Foil)",rsltr,"Sauron, o Senhor Sombrio","Sauron, the Dark Lord",1,NM,PTEN,M,M,,821,
"O Senhor dos Anéis: Contos da Terra Média (Showcase Ring Surge Foil)","Lord of the Rings: Tales of Middle-Earth (Showcase Ring Surge Foil)",rsltr,"Smeagol, Guia Solicito","Smeagol, Helpful Guide",1,NM,PTEN,R,M,,822,
"O Senhor dos Anéis: Contos da Terra Média (Showcase Ring Surge Foil)","Lord of the Rings: Tales of Middle-Earth (Showcase Ring Surge Foil)",rsltr,"Tom Bombadil","Tom Bombadil",1,NM,PTEN,M,M,,823,
"O Senhor dos Anéis: Contos da Terra Média (Showcase Ring)","Lord of the Rings: Tales of Middle-Earth (Showcase Ring)",srltr,"Aragorn, Lider da Sociedade","Aragorn, Company Leader",1,NM,PTEN,R,M,,316,
"O Senhor dos Anéis: Contos da Terra Média (Showcase Ring)","Lord of the Rings: Tales of Middle-Earth (Showcase Ring)",srltr,"Aragorn, o Unificador","Aragorn, the Uniter",1,NM,PTEN,M,M,,317,
"O Senhor dos Anéis: Contos da Terra Média (Showcase Ring)","Lord of the Rings: Tales of Middle-Earth (Showcase Ring)",srltr,"Boromir, Guardiao da Torre","Boromir, Warden of the Tower",1,NM,PTEN,R,W,,302,
"O Senhor dos Anéis: Contos da Terra Média (Showcase Ring)","Lord of the Rings: Tales of Middle-Earth (Showcase Ring)",srltr,"Elrond, Mestre da Cura","Elrond, Master of Healing",1,NM,PTEN,R,M,,318,
"O Senhor dos Anéis: Contos da Terra Média (Showcase Ring)","Lord of the Rings: Tales of Middle-Earth (Showcase Ring)",srltr,"Elrond, Senhor de Valfenda","Elrond, Lord of Rivendell",1,NM,PTEN,U,U,,307,
"O Senhor dos Anéis: Contos da Terra Média (Showcase Ring)","Lord of the Rings: Tales of Middle-Earth (Showcase Ring)",srltr,"Faramir, Comandante de Campo","Faramir, Field Commander",1,NM,PTEN,U,W,,303,
"O Senhor dos Anéis: Contos da Terra Média (Showcase Ring)","Lord of the Rings: Tales of Middle-Earth (Showcase Ring)",srltr,"Faramir, Principe de Ithilien","Faramir, Prince of Ithilien",1,NM,PTEN,R,M,,319,
"O Senhor dos Anéis: Contos da Terra Média (Showcase Ring)","Lord of the Rings: Tales of Middle-Earth (Showcase Ring)",srltr,"Frodo Bolseiro","Frodo Baggins",1,NM,PTEN,U,M,,320,
"O Senhor dos Anéis: Contos da Terra Média (Showcase Ring)","Lord of the Rings: Tales of Middle-Earth (Showcase Ring)",srltr,"Frodo, Ruina de Sauron","Frodo, Sauron's Bane",1,NM,PTEN,R,W,,304,
"O Senhor dos Anéis: Contos da Terra Média (Showcase Ring)","Lord of the Rings: Tales of Middle-Earth (Showcase Ring)",srltr,"Galadriel de Lothlorien","Galadriel of Lothlorien",1,NM,PTEN,R,M,,321,
"O Senhor dos Anéis: Contos da Terra Média (Showcase Ring)","Lord of the Rings: Tales of Middle-Earth (Showcase Ring)",srltr,"Gandalf, Amigo do Condado","Gandalf, Friend of the Shire",1,NM,PTEN,U,U,,308,
"O Senhor dos Anéis: Contos da Terra Média (Showcase Ring)","Lord of the Rings: Tales of Middle-Earth (Showcase Ring)",srltr,"Gandalf, o Branco","Gandalf the White",1,NM,PTEN,M,W,,305,
"O Senhor dos Anéis: Contos da Terra Média (Showcase Ring)","Lord of the Rings: Tales of Middle-Earth (Showcase Ring)",srltr,"Gandalf, o Cinza","Gandalf the Grey",1,NM,PTEN,R,M,,322,
"O Senhor dos Anéis: Contos da Terra Média (Showcase Ring)","Lord of the Rings: Tales of Middle-Earth (Showcase Ring)",srltr,"Gimli, Contador de Abates","Gimli, Counter of Kills",1,NM,PTEN,U,R,,312,
"O Senhor dos Anéis: Contos da Terra Média (Showcase Ring)","Lord of the Rings: Tales of Middle-Earth (Showcase Ring)",srltr,"Gimli, Vingador Lamentoso","Gimli, Mournful Avenger",1,NM,PTEN,R,M,,323,
"O Senhor dos Anéis: Contos da Terra Média (Showcase Ring)","Lord of the Rings: Tales of Middle-Earth (Showcase Ring)",srltr,"Gollum, Conspirador Paciente","Gollum, Patient Plotter",1,NM,PTEN,U,B,,309,
"O Senhor dos Anéis: Contos da Terra Média (Showcase Ring)","Lord of the Rings: Tales of Middle-Earth (Showcase Ring)",srltr,"Legolas, Contador de Abates","Legolas, Counter of Kills",1,NM,PTEN,U,M,,324,
"O Senhor dos Anéis: Contos da Terra Média (Showcase Ring)","Lord of the Rings: Tales of Middle-Earth (Showcase Ring)",srltr,"Legolas, Mestre Arqueiro","Legolas, Master Archer",1,NM,PTEN,R,G,,313,
"O Senhor dos Anéis: Contos da Terra Média (Showcase Ring)","Lord of the Rings: Tales of Middle-Earth (Showcase Ring)",srltr,"Meriadoc Brandebuque","Meriadoc Brandybuck",1,NM,PTEN,U,G,,314,
"O Senhor dos Anéis: Contos da Terra Média (Showcase Ring)","Lord of the Rings: Tales of Middle-Earth (Showcase Ring)",srltr,"Merry, Escudeiro de Rohan","Merry, Esquire of Rohan",1,NM,PTEN,R,M,,325,
"O Senhor dos Anéis: Contos da Terra Média (Showcase Ring)","Lord of the Rings: Tales of Middle-Earth (Showcase Ring)",srltr,"Peregrin Tuk","Peregrin Took",1,NM,PTEN,U,G,,315,
"O Senhor dos Anéis: Contos da Terra Média (Showcase Ring)","Lord of the Rings: Tales of Middle-Earth (Showcase Ring)",srltr,"Pippin, Guarda da Cidadela","Pippin, Guard of the Citadel",1,NM,PTEN,R,M,,326,
"O Senhor dos Anéis: Contos da Terra Média (Showcase Ring)","Lord of the Rings: Tales of Middle-Earth (Showcase Ring)",srltr,"Rei-bruxo de Angmar","Witch-King of Angmar",1,NM,PTEN,M,B,,311,
"O Senhor dos Anéis: Contos da Terra Média (Showcase Ring)","Lord of the Rings: Tales of Middle-Earth (Showcase Ring)",srltr,"Samwise Gamgi","Samwise Gamgee",1,NM,PTEN,R,M,,327,
"O Senhor dos Anéis: Contos da Terra Média (Showcase Ring)","Lord of the Rings: Tales of Middle-Earth (Showcase Ring)",srltr,"Samwise, o Destemido","Samwise the Stouthearted",1,NM,PTEN,U,W,,306,
"O Senhor dos Anéis: Contos da Terra Média (Showcase Ring)","Lord of the Rings: Tales of Middle-Earth (Showcase Ring)",srltr,"Saruman das Muitas Cores","Saruman of Many Colors",1,NM,PTEN,M,M,,328,
"O Senhor dos Anéis: Contos da Terra Média (Showcase Ring)","Lord of the Rings: Tales of Middle-Earth (Showcase Ring)",srltr,"Sauron, o Necromante","Sauron, the Necromancer",1,NM,PTEN,R,B,,310,
"O Senhor dos Anéis: Contos da Terra Média (Showcase Ring)","Lord of the Rings: Tales of Middle-Earth (Showcase Ring)",srltr,"Sauron, o Senhor Sombrio","Sauron, the Dark Lord",1,NM,PTEN,M,M,,329,
"O Senhor dos Anéis: Contos da Terra Média (Showcase Ring)","Lord of the Rings: Tales of Middle-Earth (Showcase Ring)",srltr,"Smeagol, Guia Solicito","Smeagol, Helpful Guide",1,NM,PTEN,R,M,,330,
"O Senhor dos Anéis: Contos da Terra Média (Showcase Ring)","Lord of the Rings: Tales of Middle-Earth (Showcase Ring)",srltr,"Tom Bombadil","Tom Bombadil",1,NM,PTEN,M,M,,331,
"O Senhor dos Anéis: Contos da Terra Média (Showcase Scrolls)","Lord of the Rings: Tales of Middle-Earth (Showcase Scrolls)",ssltr,"A Batalha de Beiragua","The Battle of Bywater",1,NM,PTEN,R,W,,453,
"O Senhor dos Anéis: Contos da Terra Média (Showcase Scrolls)","Lord of the Rings: Tales of Middle-Earth (Showcase Scrolls)",ssltr,"A Cancao do Banho","The Bath Song",1,NM,PTEN,U,U,,491,
"O Senhor dos Anéis: Contos da Terra Média (Showcase Scrolls)","Lord of the Rings: Tales of Middle-Earth (Showcase Scrolls)",ssltr,"Acoite do Balrog","Lash of the Balrog",1,NM,PTEN,C,B,,543,
"O Senhor dos Anéis: Contos da Terra Média (Showcase Scrolls)","Lord of the Rings: Tales of Middle-Earth (Showcase Scrolls)",ssltr,"Aguias do Norte","Eagles of the North",1,NM,PTEN,C,W,,458,
"O Senhor dos Anéis: Contos da Terra Média (Showcase Scrolls)","Lord of the Rings: Tales of Middle-Earth (Showcase Scrolls)",ssltr,Aliviamento,Reprieve,1,NM,PTEN,U,W,,477,
"O Senhor dos Anéis: Contos da Terra Média (Showcase Scrolls)","Lord of the Rings: Tales of Middle-Earth (Showcase Scrolls)",ssltr,"Alvorecer de Uma Nova Era","Dawn of a New Age",1,NM,PTEN,M,W,,456,
"O Senhor dos Anéis: Contos da Terra Média (Showcase Scrolls)","Lord of the Rings: Tales of Middle-Earth (Showcase Scrolls)",ssltr,"Amoque Uruk-hai","Uruk-hai Berserker",1,NM,PTEN,C,B,,563,
"O Senhor dos Anéis: Contos da Terra Média (Showcase Scrolls)","Lord of the Rings: Tales of Middle-Earth (Showcase Scrolls)",ssltr,"Anduril, Chama do Oeste","Anduril, Flame of the West",1,NM,PTEN,M,C,,687,
"O Senhor dos Anéis: Contos da Terra Média (Showcase Scrolls)","Lord of the Rings: Tales of Middle-Earth (Showcase Scrolls)",ssltr,"Apaziguamento de Smeagol","Soothing of Smeagol",1,NM,PTEN,C,U,,521,
"O Senhor dos Anéis: Contos da Terra Média (Showcase Scrolls)","Lord of the Rings: Tales of Middle-Earth (Showcase Scrolls)",ssltr,"Aragorn, Lider da Sociedade","Aragorn, Company Leader",1,NM,PTEN,R,M,,642,
"O Senhor dos Anéis: Contos da Terra Média (Showcase Scrolls)","Lord of the Rings: Tales of Middle-Earth (Showcase Scrolls)",ssltr,"Aragorn, o Unificador","Aragorn, the Uniter",1,NM,PTEN,M,M,,643,
"O Senhor dos Anéis: Contos da Terra Média (Showcase Scrolls)","Lord of the Rings: Tales of Middle-Earth (Showcase Scrolls)",ssltr,"Aranha da Floresta das Trevas","Mirkwood Spider",1,NM,PTEN,C,G,,629,
"O Senhor dos Anéis: Contos da Terra Média (Showcase Scrolls)","Lord of the Rings: Tales of Middle-Earth (Showcase Scrolls)",ssltr,"Arco Galadhrim","Galadhrim Bow",1,NM,PTEN,C,G,,618,
"O Senhor dos Anéis: Contos da Terra Média (Showcase Scrolls)","Lord of the Rings: Tales of Middle-Earth (Showcase Scrolls)",ssltr,"Artimanhas de Saruman","Saruman's Trickery",1,NM,PTEN,U,U,,519,
"O Senhor dos Anéis: Contos da Terra Média (Showcase Scrolls)","Lord of the Rings: Tales of Middle-Earth (Showcase Scrolls)",ssltr,"Arwen Undomiel","Arwen Undomiel",1,NM,PTEN,U,M,,645,
"O Senhor dos Anéis: Contos da Terra Média (Showcase Scrolls)","Lord of the Rings: Tales of Middle-Earth (Showcase Scrolls)",ssltr,"Arwen, Rainha Mortal","Arwen, Mortal Queen",1,NM,PTEN,M,M,,644,
"O Senhor dos Anéis: Contos da Terra Média (Showcase Scrolls)","Lord of the Rings: Tales of Middle-Earth (Showcase Scrolls)",ssltr,"Ascensao do Rei-bruxo","Rise of the Witch-King",1,NM,PTEN,U,M,,672,
"O Senhor dos Anéis: Contos da Terra Média (Showcase Scrolls)","Lord of the Rings: Tales of Middle-Earth (Showcase Scrolls)",ssltr,"Assombracao dos Pantanos Mortos","Haunt of the Dead Marshes",1,NM,PTEN,C,B,,541,
"O Senhor dos Anéis: Contos da Terra Média (Showcase Scrolls)","Lord of the Rings: Tales of Middle-Earth (Showcase Scrolls)",ssltr,"Atalaia de Lothlorien","Lothlorien Lookout",1,NM,PTEN,C,G,,626,
"O Senhor dos Anéis: Contos da Terra Média (Showcase Scrolls)","Lord of the Rings: Tales of Middle-Earth (Showcase Scrolls)",ssltr,"Atalho para os Cogumelos","Shortcut to Mushrooms",1,NM,PTEN,U,G,,638,
"O Senhor dos Anéis: Contos da Terra Média (Showcase Scrolls)","Lord of the Rings: Tales of Middle-Earth (Showcase Scrolls)",ssltr,"Aterrorizante como a Tempestade","Dreadful as the Storm",1,NM,PTEN,C,U,,499,
"O Senhor dos Anéis: Contos da Terra Média (Showcase Scrolls)","Lord of the Rings: Tales of Middle-Earth (Showcase Scrolls)",ssltr,"Bacia de Elixir de Ent","Ent-Draught Basin",1,NM,PTEN,U,C,,689,
"O Senhor dos Anéis: Contos da Terra Média (Showcase Scrolls)","Lord of the Rings: Tales of Middle-Earth (Showcase Scrolls)",ssltr,"Bandidagem Descarada","Spiteful Banditry",1,NM,PTEN,M,R,,600,
"O Senhor dos Anéis: Contos da Terra Média (Showcase Scrolls)","Lord of the Rings: Tales of Middle-Earth (Showcase Scrolls)",ssltr,"Banir de Edoras","Banish from Edoras",1,NM,PTEN,C,W,,452,
"O Senhor dos Anéis: Contos da Terra Média (Showcase Scrolls)","Lord of the Rings: Tales of Middle-Earth (Showcase Scrolls)",ssltr,,Barad-dur,1,NM,PTEN,R,L,,704,
"O Senhor dos Anéis: Contos da Terra Média (Showcase Scrolls)","Lord of the Rings: Tales of Middle-Earth (Showcase Scrolls)",ssltr,"Bilbo, Ladrao Aposentado","Bilbo, Retired Burglar",1,NM,PTEN,U,M,,647,
"O Senhor dos Anéis: Contos da Terra Média (Showcase Scrolls)","Lord of the Rings: Tales of Middle-Earth (Showcase Scrolls)",ssltr,"Bill Samambaia, Vigarista de Bree","Bill Ferny, Bree Swindler",1,NM,PTEN,U,U,,493,
"O Senhor dos Anéis: Contos da Terra Média (Showcase Scrolls)","Lord of the Rings: Tales of Middle-Earth (Showcase Scrolls)",ssltr,"Bill, o Ponei","Bill the Pony",1,NM,PTEN,U,W,,454,
"O Senhor dos Anéis: Contos da Terra Média (Showcase Scrolls)","Lord of the Rings: Tales of Middle-Earth (Showcase Scrolls)",ssltr,"Boromir, Guardiao da Torre","Boromir, Warden of the Tower",1,NM,PTEN,R,W,,455,
"O Senhor dos Anéis: Contos da Terra Média (Showcase Scrolls)","Lord of the Rings: Tales of Middle-Earth (Showcase Scrolls)",ssltr,"Bravura de Pippin","Pippin's Bravery",1,NM,PTEN,C,G,,633,
"O Senhor dos Anéis: Contos da Terra Média (Showcase Scrolls)","Lord of the Rings: Tales of Middle-Earth (Showcase Scrolls)",ssltr,"Caes de Guarda dos Cogumelos","Mushroom Watchdogs",1,NM,PTEN,C,G,,631,
"O Senhor dos Anéis: Contos da Terra Média (Showcase Scrolls)","Lord of the Rings: Tales of Middle-Earth (Showcase Scrolls)",ssltr,"Caminheiros de Ithilien","Rangers of Ithilien",1,NM,PTEN,R,U,,517,
"O Senhor dos Anéis: Contos da Terra Média (Showcase Scrolls)","Lord of the Rings: Tales of Middle-Earth (Showcase Scrolls)",ssltr,"Caminheiros Dunedain","Dunedain Rangers",1,NM,PTEN,U,G,,610,
"O Senhor dos Anéis: Contos da Terra Média (Showcase Scrolls)","Lord of the Rings: Tales of Middle-Earth (Showcase Scrolls)",ssltr,"Cancao de Bombadil","Bombadil's Song",1,NM,PTEN,C,G,,605,
"O Senhor dos Anéis: Contos da Terra Média (Showcase Scrolls)","Lord of the Rings: Tales of Middle-Earth (Showcase Scrolls)",ssltr,"Capita de Umbar","Captain of Umbar",1,NM,PTEN,C,U,,496,
"O Senhor dos Anéis: Contos da Terra Média (Showcase Scrolls)","Lord of the Rings: Tales of Middle-Earth (Showcase Scrolls)",ssltr,"Carrapicho, Estalajadeiro de Bree","Butterbur, Bree Innkeeper",1,NM,PTEN,U,M,,648,
"O Senhor dos Anéis: Contos da Terra Média (Showcase Scrolls)","Lord of the Rings: Tales of Middle-Earth (Showcase Scrolls)",ssltr,"Carregado pelo Vento","Borne Upon a Wind",1,NM,PTEN,R,U,,495,
"O Senhor dos Anéis: Contos da Terra Média (Showcase Scrolls)","Lord of the Rings: Tales of Middle-Earth (Showcase Scrolls)",ssltr,"Carregador de Bolsao","Bag End Porter",1,NM,PTEN,C,G,,604,
"O Senhor dos Anéis: Contos da Terra Média (Showcase Scrolls)","Lord of the Rings: Tales of Middle-Earth (Showcase Scrolls)",ssltr,"Cavaleiro da Marca Oriental","East-Mark Cavalier",1,NM,PTEN,C,W,,460,
"O Senhor dos Anéis: Contos da Terra Média (Showcase Scrolls)","Lord of the Rings: Tales of Middle-Earth (Showcase Scrolls)",ssltr,"Cavaleiros de Dol Amroth","Knights of Dol Amroth",1,NM,PTEN,C,U,,510,
"O Senhor dos Anéis: Contos da Terra Média (Showcase Scrolls)","Lord of the Rings: Tales of Middle-Earth (Showcase Scrolls)",ssltr,"Cavalos do Bruinen","Horses of the Bruinen",1,NM,PTEN,U,U,,506,
"O Senhor dos Anéis: Contos da Terra Média (Showcase Scrolls)","Lord of the Rings: Tales of Middle-Earth (Showcase Scrolls)",ssltr,"Ceifeira Tuk","Took Reaper",1,NM,PTEN,C,W,,486,
"O Senhor dos Anéis: Contos da Terra Média (Showcase Scrolls)","Lord of the Rings: Tales of Middle-Earth (Showcase Scrolls)",ssltr,"Celeborn, o Sabio","Celeborn the Wise",1,NM,PTEN,U,G,,607,
"O Senhor dos Anéis: Contos da Terra Média (Showcase Scrolls)","Lord of the Rings: Tales of Middle-Earth (Showcase Scrolls)",ssltr,"Cercados por Orcs","Surrounded by Orcs",1,NM,PTEN,C,U,,524,
"O Senhor dos Anéis: Contos da Terra Média (Showcase Scrolls)","Lord of the Rings: Tales of Middle-Earth (Showcase Scrolls)",ssltr,"Chama de Anor","Flame of Anor",1,NM,PTEN,R,M,,654,
"O Senhor dos Anéis: Contos da Terra Média (Showcase Scrolls)","Lord of the Rings: Tales of Middle-Earth (Showcase Scrolls)",ssltr,"Chamado da Ilha Perdida","Lost Isle Calling",1,NM,PTEN,R,U,,512,
"O Senhor dos Anéis: Contos da Terra Média (Showcase Scrolls)","Lord of the Rings: Tales of Middle-Earth (Showcase Scrolls)",ssltr,"Chamado do Anel","Call of the Ring",1,NM,PTEN,R,B,,530,
"O Senhor dos Anéis: Contos da Terra Média (Showcase Scrolls)","Lord of the Rings: Tales of Middle-Earth (Showcase Scrolls)",ssltr,"Charcote, Tirano do Condado","Sharkey, Tyrant of the Shire",1,NM,PTEN,R,M,,680,
"O Senhor dos Anéis: Contos da Terra Média (Showcase Scrolls)","Lord of the Rings: Tales of Middle-Earth (Showcase Scrolls)",ssltr,"Chuva de Flechas","Shower of Arrows",1,NM,PTEN,C,G,,639,
"O Senhor dos Anéis: Contos da Terra Média (Showcase Scrolls)","Lord of the Rings: Tales of Middle-Earth (Showcase Scrolls)",ssltr,"Colete de Mithril","Mithril Coat",1,NM,PTEN,R,C,,696,
"O Senhor dos Anéis: Contos da Terra Média (Showcase Scrolls)","Lord of the Rings: Tales of Middle-Earth (Showcase Scrolls)",ssltr,"Colocar o Anel","Slip On the Ring",1,NM,PTEN,C,W,,482,
"O Senhor dos Anéis: Contos da Terra Média (Showcase Scrolls)","Lord of the Rings: Tales of Middle-Earth (Showcase Scrolls)",ssltr,"Condestavel do Condado","Shire Shirriff",1,NM,PTEN,U,W,,481,
"O Senhor dos Anéis: Contos da Terra Média (Showcase Scrolls)","Lord of the Rings: Tales of Middle-Earth (Showcase Scrolls)",ssltr,"Convocacao das Sombras","Shadow Summoning",1,NM,PTEN,U,M,,677,
"O Senhor dos Anéis: Contos da Terra Média (Showcase Scrolls)","Lord of the Rings: Tales of Middle-Earth (Showcase Scrolls)",ssltr,"Coro Elfico","Elven Chorus",1,NM,PTEN,R,G,,611,
"O Senhor dos Anéis: Contos da Terra Média (Showcase Scrolls)","Lord of the Rings: Tales of Middle-Earth (Showcase Scrolls)",ssltr,"Crebain da Terra Parda","Dunland Crebain",1,NM,PTEN,C,B,,533,
"O Senhor dos Anéis: Contos da Terra Média (Showcase Scrolls)","Lord of the Rings: Tales of Middle-Earth (Showcase Scrolls)",ssltr,"Dadiva de Arwen","Arwen's Gift",1,NM,PTEN,C,U,,490,
"O Senhor dos Anéis: Contos da Terra Média (Showcase Scrolls)","Lord of the Rings: Tales of Middle-Earth (Showcase Scrolls)",ssltr,"Dadiva dos Fios","Gift of Strands",1,NM,PTEN,U,G,,621,
"O Senhor dos Anéis: Contos da Terra Média (Showcase Scrolls)","Lord of the Rings: Tales of Middle-Earth (Showcase Scrolls)",ssltr,"Deliberacao do Conselho","Council's Deliberation",1,NM,PTEN,U,U,,497,
"O Senhor dos Anéis: Contos da Terra Média (Showcase Scrolls)","Lord of the Rings: Tales of Middle-Earth (Showcase Scrolls)",ssltr,"Demonstracao de Poder","Display of Power",1,NM,PTEN,R,R,,570,
"O Senhor dos Anéis: Contos da Terra Média (Showcase Scrolls)","Lord of the Rings: Tales of Middle-Earth (Showcase Scrolls)",ssltr,"Denethor, Regente Governante","Denethor, Ruling Steward",1,NM,PTEN,U,M,,649,
"O Senhor dos Anéis: Contos da Terra Média (Showcase Scrolls)","Lord of the Rings: Tales of Middle-Earth (Showcase Scrolls)",ssltr,"Desmatar a Floresta Ent","Hew the Entwood",1,NM,PTEN,M,R,,587,
"O Senhor dos Anéis: Contos da Terra Média (Showcase Scrolls)","Lord of the Rings: Tales of Middle-Earth (Showcase Scrolls)",ssltr,"Destemidos de Osgiliath","Stalwarts of Osgiliath",1,NM,PTEN,C,W,,484,
"O Senhor dos Anéis: Contos da Terra Média (Showcase Scrolls)","Lord of the Rings: Tales of Middle-Earth (Showcase Scrolls)",ssltr,"Elfos do Encontro Fortuito","Chance-Met Elves",1,NM,PTEN,C,G,,608,
"O Senhor dos Anéis: Contos da Terra Média (Showcase Scrolls)","Lord of the Rings: Tales of Middle-Earth (Showcase Scrolls)",ssltr,"Elrond, Mestre da Cura","Elrond, Master of Healing",1,NM,PTEN,R,M,,651,
"O Senhor dos Anéis: Contos da Terra Média (Showcase Scrolls)","Lord of the Rings: Tales of Middle-Earth (Showcase Scrolls)",ssltr,"Elrond, Senhor de Valfenda","Elrond, Lord of Rivendell",1,NM,PTEN,U,U,,500,
"O Senhor dos Anéis: Contos da Terra Média (Showcase Scrolls)","Lord of the Rings: Tales of Middle-Earth (Showcase Scrolls)",ssltr,"Emboscada de Laracna","Shelob's Ambush",1,NM,PTEN,C,B,,559,
"O Senhor dos Anéis: Contos da Terra Média (Showcase Scrolls)","Lord of the Rings: Tales of Middle-Earth (Showcase Scrolls)",ssltr,"Enganar o Mensageiro","Deceive the Messenger",1,NM,PTEN,C,U,,498,
"O Senhor dos Anéis: Contos da Terra Média (Showcase Scrolls)","Lord of the Rings: Tales of Middle-Earth (Showcase Scrolls)",ssltr,"Ensopar os Coelhos","Stew the Coneys",1,NM,PTEN,U,G,,640,
"O Senhor dos Anéis: Contos da Terra Média (Showcase Scrolls)","Lord of the Rings: Tales of Middle-Earth (Showcase Scrolls)",ssltr,"Ent Generoso","Generous Ent",1,NM,PTEN,C,G,,620,
"O Senhor dos Anéis: Contos da Terra Média (Showcase Scrolls)","Lord of the Rings: Tales of Middle-Earth (Showcase Scrolls)",ssltr,"Envelope Herdado","Inherited Envelope",1,NM,PTEN,C,C,,693,
"O Senhor dos Anéis: Contos da Terra Média (Showcase Scrolls)","Lord of the Rings: Tales of Middle-Earth (Showcase Scrolls)",ssltr,"Enxame de Moria","Swarming of Moria",1,NM,PTEN,C,R,,601,
"O Senhor dos Anéis: Contos da Terra Média (Showcase Scrolls)","Lord of the Rings: Tales of Middle-Earth (Showcase Scrolls)",ssltr,"Eomer da Marca dos Cavaleiros","Eomer of the Riddermark",1,NM,PTEN,U,R,,572,
"O Senhor dos Anéis: Contos da Terra Média (Showcase Scrolls)","Lord of the Rings: Tales of Middle-Earth (Showcase Scrolls)",ssltr,"Eomer, Marechal de Rohan","Eomer, Marshal of Rohan",1,NM,PTEN,R,R,,571,
"O Senhor dos Anéis: Contos da Terra Média (Showcase Scrolls)","Lord of the Rings: Tales of Middle-Earth (Showcase Scrolls)",ssltr,"Eowyn, Cavaleira Destemida","Eowyn, Fearless Knight",1,NM,PTEN,R,M,,652,
"O Senhor dos Anéis: Contos da Terra Média (Showcase Scrolls)","Lord of the Rings: Tales of Middle-Earth (Showcase Scrolls)",ssltr,"Eowyn, Senhora de Rohan","Eowyn, Lady of Rohan",1,NM,PTEN,U,W,,461,
"O Senhor dos Anéis: Contos da Terra Média (Showcase Scrolls)","Lord of the Rings: Tales of Middle-Earth (Showcase Scrolls)",ssltr,"Erkenbrand, Senhor do Folde Ocidental","Erkenbrand, Lord of Westfold",1,NM,PTEN,U,R,,574,
"O Senhor dos Anéis: Contos da Terra Média (Showcase Scrolls)","Lord of the Rings: Tales of Middle-Earth (Showcase Scrolls)",ssltr,"Escudeiro do Rei","Esquire of the King",1,NM,PTEN,C,W,,464,
"O Senhor dos Anéis: Contos da Terra Média (Showcase Scrolls)","Lord of the Rings: Tales of Middle-Earth (Showcase Scrolls)",ssltr,"Esmagador Olog-hai","Olog-hai Crusher",1,NM,PTEN,C,R,,591,
"O Senhor dos Anéis: Contos da Terra Média (Showcase Scrolls)","Lord of the Rings: Tales of Middle-Earth (Showcase Scrolls)",ssltr,"Espantalho do Condado","Shire Scarecrow",1,NM,PTEN,C,C,,700,
"O Senhor dos Anéis: Contos da Terra Média (Showcase Scrolls)","Lord of the Rings: Tales of Middle-Earth (Showcase Scrolls)",ssltr,"Espelho de Galadriel","Mirror of Galadriel",1,NM,PTEN,U,C,,695,
"O Senhor dos Anéis: Contos da Terra Média (Showcase Scrolls)","Lord of the Rings: Tales of Middle-Earth (Showcase Scrolls)",ssltr,"Estafeta de Gondor","Errand-Rider of Gondor",1,NM,PTEN,C,W,,462,
"O Senhor dos Anéis: Contos da Terra Média (Showcase Scrolls)","Lord of the Rings: Tales of Middle-Earth (Showcase Scrolls)",ssltr,"Fangorn, Pastor das Arvores","Fangorn, Tree Shepherd",1,NM,PTEN,R,G,,617,
"O Senhor dos Anéis: Contos da Terra Média (Showcase Scrolls)","Lord of the Rings: Tales of Middle-Earth (Showcase Scrolls)",ssltr,"Faramir, Comandante de Campo","Faramir, Field Commander",1,NM,PTEN,U,W,,465,
"O Senhor dos Anéis: Contos da Terra Média (Showcase Scrolls)","Lord of the Rings: Tales of Middle-Earth (Showcase Scrolls)",ssltr,"Faramir, Principe de Ithilien","Faramir, Prince of Ithilien",1,NM,PTEN,R,M,,653,
"O Senhor dos Anéis: Contos da Terra Média (Showcase Scrolls)","Lord of the Rings: Tales of Middle-Earth (Showcase Scrolls)",ssltr,"Fazendeira do Brandevin","Brandywine Farmer",1,NM,PTEN,C,G,,606,
"O Senhor dos Anéis: Contos da Terra Média (Showcase Scrolls)","Lord of the Rings: Tales of Middle-Earth (Showcase Scrolls)",ssltr,"Fazendeiro da Quarta Leste","Eastfarthing Farmer",1,NM,PTEN,C,W,,459,
"O Senhor dos Anéis: Contos da Terra Média (Showcase Scrolls)","Lord of the Rings: Tales of Middle-Earth (Showcase Scrolls)",ssltr,"Fera Atroz Voraz","Voracious Fell Beast",1,NM,PTEN,U,B,,564,
"O Senhor dos Anéis: Contos da Terra Média (Showcase Scrolls)","Lord of the Rings: Tales of Middle-Earth (Showcase Scrolls)",ssltr,"Fera de Guerra de Gorgoroth","Warbeast of Gorgoroth",1,NM,PTEN,C,R,,603,
"O Senhor dos Anéis: Contos da Terra Média (Showcase Scrolls)","Lord of the Rings: Tales of Middle-Earth (Showcase Scrolls)",ssltr,"Ferida de Punhal de Morgul","Morgul-Knife Wound",1,NM,PTEN,C,B,,549,
"O Senhor dos Anéis: Contos da Terra Média (Showcase Scrolls)","Lord of the Rings: Tales of Middle-Earth (Showcase Scrolls)",ssltr,"Ferroada do Hobbit","Hobbit's Sting",1,NM,PTEN,C,W,,471,
"O Senhor dos Anéis: Contos da Terra Média (Showcase Scrolls)","Lord of the Rings: Tales of Middle-Earth (Showcase Scrolls)",ssltr,"Ferroada, o Punhal Reluzente","Sting, the Glinting Dagger",1,NM,PTEN,R,C,,701,
"O Senhor dos Anéis: Contos da Terra Média (Showcase Scrolls)","Lord of the Rings: Tales of Middle-Earth (Showcase Scrolls)",ssltr,"Fim da Querela","Quarrel's End",1,NM,PTEN,C,R,,592,
"O Senhor dos Anéis: Contos da Terra Média (Showcase Scrolls)","Lord of the Rings: Tales of Middle-Earth (Showcase Scrolls)",ssltr,"Fim Terrivel","Nasty End",1,NM,PTEN,C,B,,550,
"O Senhor dos Anéis: Contos da Terra Média (Showcase Scrolls)","Lord of the Rings: Tales of Middle-Earth (Showcase Scrolls)",ssltr,"Flamiferreira de Erebor","Erebor Flamesmith",1,NM,PTEN,C,R,,573,
"O Senhor dos Anéis: Contos da Terra Média (Showcase Scrolls)","Lord of the Rings: Tales of Middle-Earth (Showcase Scrolls)",ssltr,"Florescimento da Arvore Branca","Flowering of the White Tree",1,NM,PTEN,R,W,,466,
"O Senhor dos Anéis: Contos da Terra Média (Showcase Scrolls)","Lord of the Rings: Tales of Middle-Earth (Showcase Scrolls)",ssltr,"Fogo de Orthanc","Fire of Orthanc",1,NM,PTEN,C,R,,578,
"O Senhor dos Anéis: Contos da Terra Média (Showcase Scrolls)","Lord of the Rings: Tales of Middle-Earth (Showcase Scrolls)",ssltr,"Foguetes do Mago","Wizard's Rockets",1,NM,PTEN,C,C,,703,
"O Senhor dos Anéis: Contos da Terra Média (Showcase Scrolls)","Lord of the Rings: Tales of Middle-Earth (Showcase Scrolls)",ssltr,"Frasco de Galadriel","Phial of Galadriel",1,NM,PTEN,R,C,,699,
"O Senhor dos Anéis: Contos da Terra Média (Showcase Scrolls)","Lord of the Rings: Tales of Middle-Earth (Showcase Scrolls)",ssltr,"Frodo Bolseiro","Frodo Baggins",1,NM,PTEN,U,M,,656,
"O Senhor dos Anéis: Contos da Terra Média (Showcase Scrolls)","Lord of the Rings: Tales of Middle-Earth (Showcase Scrolls)",ssltr,"Frodo, Ruina de Sauron","Frodo, Sauron's Bane",1,NM,PTEN,R,W,,469,
"O Senhor dos Anéis: Contos da Terra Média (Showcase Scrolls)","Lord of the Rings: Tales of Middle-Earth (Showcase Scrolls)",ssltr,"Fruta d'Ouro, Filha do Rio","Goldberry, River-Daughter",1,NM,PTEN,R,U,,503,
"O Senhor dos Anéis: Contos da Terra Média (Showcase Scrolls)","Lord of the Rings: Tales of Middle-Earth (Showcase Scrolls)",ssltr,"Fuga de Orthanc","Escape from Orthanc",1,NM,PTEN,C,W,,463,
"O Senhor dos Anéis: Contos da Terra Média (Showcase Scrolls)","Lord of the Rings: Tales of Middle-Earth (Showcase Scrolls)",ssltr,"Fuga do Aniversario","Birthday Escape",1,NM,PTEN,C,U,,494,
"O Senhor dos Anéis: Contos da Terra Média (Showcase Scrolls)","Lord of the Rings: Tales of Middle-Earth (Showcase Scrolls)",ssltr,"Furia de Gimli","Gimli's Fury",1,NM,PTEN,C,R,,582,
"O Senhor dos Anéis: Contos da Terra Média (Showcase Scrolls)","Lord of the Rings: Tales of Middle-Earth (Showcase Scrolls)",ssltr,"Furia do Ent","Ent's Fury",1,NM,PTEN,C,G,,615,
"O Senhor dos Anéis: Contos da Terra Média (Showcase Scrolls)","Lord of the Rings: Tales of Middle-Earth (Showcase Scrolls)",ssltr,"Galadriel de Lothlorien","Galadriel of Lothlorien",1,NM,PTEN,R,M,,657,
"O Senhor dos Anéis: Contos da Terra Média (Showcase Scrolls)","Lord of the Rings: Tales of Middle-Earth (Showcase Scrolls)",ssltr,"Gandalf, Amigo do Condado","Gandalf, Friend of the Shire",1,NM,PTEN,U,U,,501,
"O Senhor dos Anéis: Contos da Terra Média (Showcase Scrolls)","Lord of the Rings: Tales of Middle-Earth (Showcase Scrolls)",ssltr,"Gandalf, o Branco","Gandalf the White",1,NM,PTEN,M,W,,470,
"O Senhor dos Anéis: Contos da Terra Média (Showcase Scrolls)","Lord of the Rings: Tales of Middle-Earth (Showcase Scrolls)",ssltr,"Gandalf, o Cinza","Gandalf the Grey",1,NM,PTEN,R,M,,658,
"O Senhor dos Anéis: Contos da Terra Média (Showcase Scrolls)","Lord of the Rings: Tales of Middle-Earth (Showcase Scrolls)",ssltr,"Gimli, Contador de Abates","Gimli, Counter of Kills",1,NM,PTEN,U,R,,580,
"O Senhor dos Anéis: Contos da Terra Média (Showcase Scrolls)","Lord of the Rings: Tales of Middle-Earth (Showcase Scrolls)",ssltr,"Gimli, Vingador Lamentoso","Gimli, Mournful Avenger",1,NM,PTEN,R,M,,660,
"O Senhor dos Anéis: Contos da Terra Média (Showcase Scrolls)","Lord of the Rings: Tales of Middle-Earth (Showcase Scrolls)",ssltr,"Ginete do Folde Ocidental","Westfold Rider",1,NM,PTEN,C,W,,488,
"O Senhor dos Anéis: Contos da Terra Média (Showcase Scrolls)","Lord of the Rings: Tales of Middle-Earth (Showcase Scrolls)",ssltr,Glamdring,Glamdring,1,NM,PTEN,M,C,,690,
"O Senhor dos Anéis: Contos da Terra Média (Showcase Scrolls)","Lord of the Rings: Tales of Middle-Earth (Showcase Scrolls)",ssltr,"Gloin, Emissario dos Anoes","Gloin, Dwarf Emissary",1,NM,PTEN,R,R,,583,
"O Senhor dos Anéis: Contos da Terra Média (Showcase Scrolls)","Lord of the Rings: Tales of Middle-Earth (Showcase Scrolls)",ssltr,"Glorfindel, Salvador Destemido","Glorfindel, Dauntless Rescuer",1,NM,PTEN,U,G,,622,
"O Senhor dos Anéis: Contos da Terra Média (Showcase Scrolls)","Lord of the Rings: Tales of Middle-Earth (Showcase Scrolls)",ssltr,"Goblin Veterano de Guerra","Battle-Scarred Goblin",1,NM,PTEN,C,R,,566,
"O Senhor dos Anéis: Contos da Terra Média (Showcase Scrolls)","Lord of the Rings: Tales of Middle-Earth (Showcase Scrolls)",ssltr,"Gollum, Conspirador Paciente","Gollum, Patient Plotter",1,NM,PTEN,U,B,,535,
"O Senhor dos Anéis: Contos da Terra Média (Showcase Scrolls)","Lord of the Rings: Tales of Middle-Earth (Showcase Scrolls)",ssltr,"Golpe Fatidico de Isildur","Isildur's Fateful Strike",1,NM,PTEN,R,B,,542,
"O Senhor dos Anéis: Contos da Terra Média (Showcase Scrolls)","Lord of the Rings: Tales of Middle-Earth (Showcase Scrolls)",ssltr,"Golpear o Imortal","Smite the Deathless",1,NM,PTEN,C,R,,599,
"O Senhor dos Anéis: Contos da Terra Média (Showcase Scrolls)","Lord of the Rings: Tales of Middle-Earth (Showcase Scrolls)",ssltr,"Gorbag de Minas Morgul","Gorbag of Minas Morgul",1,NM,PTEN,U,B,,537,
"O Senhor dos Anéis: Contos da Terra Média (Showcase Scrolls)","Lord of the Rings: Tales of Middle-Earth (Showcase Scrolls)",ssltr,"Gothmog, Tenente de Morgul","Gothmog, Morgul Lieutenant",1,NM,PTEN,U,B,,538,
"O Senhor dos Anéis: Contos da Terra Média (Showcase Scrolls)","Lord of the Rings: Tales of Middle-Earth (Showcase Scrolls)",ssltr,"Grande Salao da Cidadela","Great Hall of the Citadel",1,NM,PTEN,C,L,,705,
"O Senhor dos Anéis: Contos da Terra Média (Showcase Scrolls)","Lord of the Rings: Tales of Middle-Earth (Showcase Scrolls)",ssltr,"Grima Lingua de Cobra","Grima Wormtongue",1,NM,PTEN,U,B,,539,
"O Senhor dos Anéis: Contos da Terra Média (Showcase Scrolls)","Lord of the Rings: Tales of Middle-Earth (Showcase Scrolls)",ssltr,"Grishnakh, Instigador Ousado","Grishnakh, Brash Instigator",1,NM,PTEN,U,R,,585,
"O Senhor dos Anéis: Contos da Terra Média (Showcase Scrolls)","Lord of the Rings: Tales of Middle-Earth (Showcase Scrolls)",ssltr,"Grond, o Quebra-portoes","Grond, the Gatebreaker",1,NM,PTEN,U,B,,540,
"O Senhor dos Anéis: Contos da Terra Média (Showcase Scrolls)","Lord of the Rings: Tales of Middle-Earth (Showcase Scrolls)",ssltr,"Guardia do Lago-espelho","Mirrormere Guardian",1,NM,PTEN,C,G,,630,
"O Senhor dos Anéis: Contos da Terra Média (Showcase Scrolls)","Lord of the Rings: Tales of Middle-Earth (Showcase Scrolls)",ssltr,"Guerra da Ultima Alianca","War of the Last Alliance",1,NM,PTEN,R,W,,487,
"O Senhor dos Anéis: Contos da Terra Média (Showcase Scrolls)","Lord of the Rings: Tales of Middle-Earth (Showcase Scrolls)",ssltr,"Guia Galadhrim","Galadhrim Guide",1,NM,PTEN,C,G,,619,
"O Senhor dos Anéis: Contos da Terra Média (Showcase Scrolls)","Lord of the Rings: Tales of Middle-Earth (Showcase Scrolls)",ssltr,"Gwaihir, o Senhor dos Ventos","Gwaihir the Windlord",1,NM,PTEN,U,M,,661,
"O Senhor dos Anéis: Contos da Terra Média (Showcase Scrolls)","Lord of the Rings: Tales of Middle-Earth (Showcase Scrolls)",ssltr,"Historia de Tinuviel","Tale of Tinuviel",1,NM,PTEN,U,W,,485,
"O Senhor dos Anéis: Contos da Terra Média (Showcase Scrolls)","Lord of the Rings: Tales of Middle-Earth (Showcase Scrolls)",ssltr,"Hobbit Agil","Nimble Hobbit",1,NM,PTEN,C,W,,474,
"O Senhor dos Anéis: Contos da Terra Média (Showcase Scrolls)","Lord of the Rings: Tales of Middle-Earth (Showcase Scrolls)",ssltr,"Hora da Ira, Hora da Ruina!","Now for Wrath, Now for Ruin!",1,NM,PTEN,C,W,,475,
"O Senhor dos Anéis: Contos da Terra Média (Showcase Scrolls)","Lord of the Rings: Tales of Middle-Earth (Showcase Scrolls)",ssltr,"Huorn Furioso","Enraged Huorn",1,NM,PTEN,C,G,,613,
"O Senhor dos Anéis: Contos da Terra Média (Showcase Scrolls)","Lord of the Rings: Tales of Middle-Earth (Showcase Scrolls)",ssltr,"Incursao de Orcs","Foray of Orcs",1,NM,PTEN,U,R,,579,
"O Senhor dos Anéis: Contos da Terra Média (Showcase Scrolls)","Lord of the Rings: Tales of Middle-Earth (Showcase Scrolls)",ssltr,"Inscricao Ardente","Fiery Inscription",1,NM,PTEN,U,R,,577,
"O Senhor dos Anéis: Contos da Terra Média (Showcase Scrolls)","Lord of the Rings: Tales of Middle-Earth (Showcase Scrolls)",ssltr,"Ioreth da Casa de Cura","Ioreth of the Healing House",1,NM,PTEN,U,U,,507,
"O Senhor dos Anéis: Contos da Terra Média (Showcase Scrolls)","Lord of the Rings: Tales of Middle-Earth (Showcase Scrolls)",ssltr,"Irromper no Salao","Rush the Room",1,NM,PTEN,C,R,,598,
"O Senhor dos Anéis: Contos da Terra Média (Showcase Scrolls)","Lord of the Rings: Tales of Middle-Earth (Showcase Scrolls)",ssltr,"Isolamento em Orthanc","Isolation at Orthanc",1,NM,PTEN,C,U,,508,
"O Senhor dos Anéis: Contos da Terra Média (Showcase Scrolls)","Lord of the Rings: Tales of Middle-Earth (Showcase Scrolls)",ssltr,"Juramento da Hoste Cinzenta","Oath of the Grey Host",1,NM,PTEN,U,B,,552,
"O Senhor dos Anéis: Contos da Terra Média (Showcase Scrolls)","Lord of the Rings: Tales of Middle-Earth (Showcase Scrolls)",ssltr,"La e De Volta Outra Vez","There and Back Again",1,NM,PTEN,R,R,,602,
"O Senhor dos Anéis: Contos da Terra Média (Showcase Scrolls)","Lord of the Rings: Tales of Middle-Earth (Showcase Scrolls)",ssltr,"Lamina dos Dunedain","Dunedain Blade",1,NM,PTEN,C,W,,457,
"O Senhor dos Anéis: Contos da Terra Média (Showcase Scrolls)","Lord of the Rings: Tales of Middle-Earth (Showcase Scrolls)",ssltr,"Lamina dos Tumulos",Barrow-Blade,1,NM,PTEN,U,C,,688,
"O Senhor dos Anéis: Contos da Terra Média (Showcase Scrolls)","Lord of the Rings: Tales of Middle-Earth (Showcase Scrolls)",ssltr,"Lancar ao Fogo","Cast into the Fire",1,NM,PTEN,C,R,,569,
"O Senhor dos Anéis: Contos da Terra Média (Showcase Scrolls)","Lord of the Rings: Tales of Middle-Earth (Showcase Scrolls)",ssltr,"Lanceiro Rohirrim","Rohirrim Lancer",1,NM,PTEN,C,R,,597,
"O Senhor dos Anéis: Contos da Terra Média (Showcase Scrolls)","Lord of the Rings: Tales of Middle-Earth (Showcase Scrolls)",ssltr,"Landroval, Testemunha do Horizonte","Landroval, Horizon Witness",1,NM,PTEN,U,W,,472,
"O Senhor dos Anéis: Contos da Terra Média (Showcase Scrolls)","Lord of the Rings: Tales of Middle-Earth (Showcase Scrolls)",ssltr,"Laracna, Filha de Ungoliant","Shelob, Child of Ungoliant",1,NM,PTEN,R,M,,681,
"O Senhor dos Anéis: Contos da Terra Média (Showcase Scrolls)","Lord of the Rings: Tales of Middle-Earth (Showcase Scrolls)",ssltr,"Legolas, Contador de Abates","Legolas, Counter of Kills",1,NM,PTEN,U,M,,663,
"O Senhor dos Anéis: Contos da Terra Média (Showcase Scrolls)","Lord of the Rings: Tales of Middle-Earth (Showcase Scrolls)",ssltr,"Legolas, Mestre Arqueiro","Legolas, Master Archer",1,NM,PTEN,R,G,,624,
"O Senhor dos Anéis: Contos da Terra Média (Showcase Scrolls)","Lord of the Rings: Tales of Middle-Earth (Showcase Scrolls)",ssltr,Lembas,Lembas,1,NM,PTEN,C,C,,694,
"O Senhor dos Anéis: Contos da Terra Média (Showcase Scrolls)","Lord of the Rings: Tales of Middle-Earth (Showcase Scrolls)",ssltr,"Livro de Mazarbul","Book of Mazarbul",1,NM,PTEN,U,R,,567,
"O Senhor dos Anéis: Contos da Terra Média (Showcase Scrolls)","Lord of the Rings: Tales of Middle-Earth (Showcase Scrolls)",ssltr,"Lobelia Sacola-Bolseiro","Lobelia Sackville-Baggins",1,NM,PTEN,R,B,,544,
"O Senhor dos Anéis: Contos da Terra Média (Showcase Scrolls)","Lord of the Rings: Tales of Middle-Earth (Showcase Scrolls)",ssltr,"Longa Lista dos Ents","Long List of the Ents",1,NM,PTEN,U,G,,625,
"O Senhor dos Anéis: Contos da Terra Média (Showcase Scrolls)","Lord of the Rings: Tales of Middle-Earth (Showcase Scrolls)",ssltr,"Lorien Revelada","Lorien Revealed",1,NM,PTEN,C,U,,511,
"O Senhor dos Anéis: Contos da Terra Média (Showcase Scrolls)","Lord of the Rings: Tales of Middle-Earth (Showcase Scrolls)",ssltr,"Lotho, Condestavel Corrupto","Lotho, Corrupt Shirriff",1,NM,PTEN,R,M,,664,
"O Senhor dos Anéis: Contos da Terra Média (Showcase Scrolls)","Lord of the Rings: Tales of Middle-Earth (Showcase Scrolls)",ssltr,"Machado de Gimli","Gimli's Axe",1,NM,PTEN,C,R,,581,
"O Senhor dos Anéis: Contos da Terra Média (Showcase Scrolls)","Lord of the Rings: Tales of Middle-Earth (Showcase Scrolls)",ssltr,"Marcha do Portao Negro","March from the Black Gate",1,NM,PTEN,U,B,,545,
"O Senhor dos Anéis: Contos da Terra Média (Showcase Scrolls)","Lord of the Rings: Tales of Middle-Earth (Showcase Scrolls)",ssltr,"Martim-pescador de Ithilien","Ithilien Kingfisher",1,NM,PTEN,C,U,,509,
"O Senhor dos Anéis: Contos da Terra Média (Showcase Scrolls)","Lord of the Rings: Tales of Middle-Earth (Showcase Scrolls)",ssltr,"Mauhur, Capitao Uruk-hai","Mauhur, Uruk-hai Captain",1,NM,PTEN,U,M,,665,
"O Senhor dos Anéis: Contos da Terra Média (Showcase Scrolls)","Lord of the Rings: Tales of Middle-Earth (Showcase Scrolls)",ssltr,"Medicina Enfeiticante","Bewitching Leechcraft",1,NM,PTEN,C,U,,492,
"O Senhor dos Anéis: Contos da Terra Média (Showcase Scrolls)","Lord of the Rings: Tales of Middle-Earth (Showcase Scrolls)",ssltr,"Medo! Fogo! Inimigos!","Fear, Fire, Foes!",1,NM,PTEN,U,R,,576,
"O Senhor dos Anéis: Contos da Terra Média (Showcase Scrolls)","Lord of the Rings: Tales of Middle-Earth (Showcase Scrolls)",ssltr,"Meneldor, Salvador Celere","Meneldor, Swift Savior",1,NM,PTEN,U,U,,513,
"O Senhor dos Anéis: Contos da Terra Média (Showcase Scrolls)","Lord of the Rings: Tales of Middle-Earth (Showcase Scrolls)",ssltr,"Meriadoc Brandebuque","Meriadoc Brandybuck",1,NM,PTEN,U,G,,628,
"O Senhor dos Anéis: Contos da Terra Média (Showcase Scrolls)","Lord of the Rings: Tales of Middle-Earth (Showcase Scrolls)",ssltr,"Merry, Escudeiro de Rohan","Merry, Esquire of Rohan",1,NM,PTEN,R,M,,666,
"O Senhor dos Anéis: Contos da Terra Média (Showcase Scrolls)","Lord of the Rings: Tales of Middle-Earth (Showcase Scrolls)",ssltr,"Mestre de Lanca Haradrim","Haradrim Spearmaster",1,NM,PTEN,C,R,,586,
"O Senhor dos Anéis: Contos da Terra Média (Showcase Scrolls)","Lord of the Rings: Tales of Middle-Earth (Showcase Scrolls)",ssltr,"Mestres Arqueiros Orcs","Orcish Bowmasters",1,NM,PTEN,R,B,,554,
"O Senhor dos Anéis: Contos da Terra Média (Showcase Scrolls)","Lord of the Rings: Tales of Middle-Earth (Showcase Scrolls)",ssltr,"Minas de Moria","Mines of Moria",1,NM,PTEN,R,L,,708,
"O Senhor dos Anéis: Contos da Terra Média (Showcase Scrolls)","Lord of the Rings: Tales of Middle-Earth (Showcase Scrolls)",ssltr,"Minas Tirith","Minas Tirith",1,NM,PTEN,R,L,,707,
"O Senhor dos Anéis: Contos da Terra Média (Showcase Scrolls)","Lord of the Rings: Tales of Middle-Earth (Showcase Scrolls)",ssltr,"Mobilizacao de Mordor","Mordor Muster",1,NM,PTEN,C,B,,547,
"O Senhor dos Anéis: Contos da Terra Média (Showcase Scrolls)","Lord of the Rings: Tales of Middle-Earth (Showcase Scrolls)",ssltr,"Monte da Perdicao","Mount Doom",1,NM,PTEN,M,L,,709,
"O Senhor dos Anéis: Contos da Terra Média (Showcase Scrolls)","Lord of the Rings: Tales of Middle-Earth (Showcase Scrolls)",ssltr,"Morcegos da Floresta das Trevas","Mirkwood Bats",1,NM,PTEN,C,B,,546,
"O Senhor dos Anéis: Contos da Terra Média (Showcase Scrolls)","Lord of the Rings: Tales of Middle-Earth (Showcase Scrolls)",ssltr,"Mordida de Gollum","Gollum's Bite",1,NM,PTEN,U,B,,536,
"O Senhor dos Anéis: Contos da Terra Média (Showcase Scrolls)","Lord of the Rings: Tales of Middle-Earth (Showcase Scrolls)",ssltr,"Muitas Despedidas","Many Partings",1,NM,PTEN,C,G,,627,
"O Senhor dos Anéis: Contos da Terra Média (Showcase Scrolls)","Lord of the Rings: Tales of Middle-Earth (Showcase Scrolls)",ssltr,"Nascer do Dia","Rising of the Day",1,NM,PTEN,U,R,,596,
"O Senhor dos Anéis: Contos da Terra Média (Showcase Scrolls)","Lord of the Rings: Tales of Middle-Earth (Showcase Scrolls)",ssltr,"Navegador dos Portos Cinzentos","Grey Havens Navigator",1,NM,PTEN,C,U,,504,
"O Senhor dos Anéis: Contos da Terra Média (Showcase Scrolls)","Lord of the Rings: Tales of Middle-Earth (Showcase Scrolls)",ssltr,,"Nazgul (#551)",1,NM,PTEN,R,B,,551,
"O Senhor dos Anéis: Contos da Terra Média (Showcase Scrolls)","Lord of the Rings: Tales of Middle-Earth (Showcase Scrolls)",ssltr,,"Nazgul (#723)",1,NM,PTEN,U,B,,723,
"O Senhor dos Anéis: Contos da Terra Média (Showcase Scrolls)","Lord of the Rings: Tales of Middle-Earth (Showcase Scrolls)",ssltr,,"Nazgul (#724)",1,NM,PTEN,U,B,,724,
"O Senhor dos Anéis: Contos da Terra Média (Showcase Scrolls)","Lord of the Rings: Tales of Middle-Earth (Showcase Scrolls)",ssltr,,"Nazgul (#725)",1,NM,PTEN,U,B,,725,
"O Senhor dos Anéis: Contos da Terra Média (Showcase Scrolls)","Lord of the Rings: Tales of Middle-Earth (Showcase Scrolls)",ssltr,,"Nazgul (#726)",1,NM,PTEN,U,B,,726,
"O Senhor dos Anéis: Contos da Terra Média (Showcase Scrolls)","Lord of the Rings: Tales of Middle-Earth (Showcase Scrolls)",ssltr,,"Nazgul (#727)",1,NM,PTEN,U,B,,727,
"O Senhor dos Anéis: Contos da Terra Média (Showcase Scrolls)","Lord of the Rings: Tales of Middle-Earth (Showcase Scrolls)",ssltr,,"Nazgul (#728)",1,NM,PTEN,U,B,,728,
"O Senhor dos Anéis: Contos da Terra Média (Showcase Scrolls)","Lord of the Rings: Tales of Middle-Earth (Showcase Scrolls)",ssltr,,"Nazgul (#729)",1,NM,PTEN,U,B,,729,
"O Senhor dos Anéis: Contos da Terra Média (Showcase Scrolls)","Lord of the Rings: Tales of Middle-Earth (Showcase Scrolls)",ssltr,,"Nazgul (#730)",1,NM,PTEN,U,B,,730,
"O Senhor dos Anéis: Contos da Terra Média (Showcase Scrolls)","Lord of the Rings: Tales of Middle-Earth (Showcase Scrolls)",ssltr,"Nevoeiro nas Colinas dos Tumulos","Fog on the Barrow-Downs",1,NM,PTEN,C,W,,467,
"O Senhor dos Anéis: Contos da Terra Média (Showcase Scrolls)","Lord of the Rings: Tales of Middle-Earth (Showcase Scrolls)",ssltr,"Nos de Hithlain","Hithlain Knots",1,NM,PTEN,C,U,,505,
"O Senhor dos Anéis: Contos da Terra Média (Showcase Scrolls)","Lord of the Rings: Tales of Middle-Earth (Showcase Scrolls)",ssltr,"O Anel Vai para o Sul","The Ring Goes South",1,NM,PTEN,R,G,,637,
"O Senhor dos Anéis: Contos da Terra Média (Showcase Scrolls)","Lord of the Rings: Tales of Middle-Earth (Showcase Scrolls)",ssltr,"O Balrog, Ruina de Durin","The Balrog, Durin's Bane",1,NM,PTEN,R,M,,646,
"O Senhor dos Anéis: Contos da Terra Média (Showcase Scrolls)","Lord of the Rings: Tales of Middle-Earth (Showcase Scrolls)",ssltr,"O Boca de Sauron","The Mouth of Sauron",1,NM,PTEN,U,M,,667,
"O Senhor dos Anéis: Contos da Terra Média (Showcase Scrolls)","Lord of the Rings: Tales of Middle-Earth (Showcase Scrolls)",ssltr,"O Condado","The Shire",1,NM,PTEN,R,L,,711,
"O Senhor dos Anéis: Contos da Terra Média (Showcase Scrolls)","Lord of the Rings: Tales of Middle-Earth (Showcase Scrolls)",ssltr,"O Halito Negro","The Black Breath",1,NM,PTEN,C,B,,529,
"O Senhor dos Anéis: Contos da Terra Média (Showcase Scrolls)","Lord of the Rings: Tales of Middle-Earth (Showcase Scrolls)",ssltr,"O Tormento de Gollum","The Torment of Gollum",1,NM,PTEN,C,B,,561,
"O Senhor dos Anéis: Contos da Terra Média (Showcase Scrolls)","Lord of the Rings: Tales of Middle-Earth (Showcase Scrolls)",ssltr,"O Um Anel","The One Ring",1,NM,PTEN,M,C,,697,
"O Senhor dos Anéis: Contos da Terra Média (Showcase Scrolls)","Lord of the Rings: Tales of Middle-Earth (Showcase Scrolls)",ssltr,"O Vigia na Agua","The Watcher in the Water",1,NM,PTEN,M,U,,526,
"O Senhor dos Anéis: Contos da Terra Média (Showcase Scrolls)","Lord of the Rings: Tales of Middle-Earth (Showcase Scrolls)",ssltr,Olifante,Oliphaunt,1,NM,PTEN,C,R,,590,
"O Senhor dos Anéis: Contos da Terra Média (Showcase Scrolls)","Lord of the Rings: Tales of Middle-Earth (Showcase Scrolls)",ssltr,"Os Portos Cinzentos","The Grey Havens",1,NM,PTEN,U,L,,706,
"O Senhor dos Anéis: Contos da Terra Média (Showcase Scrolls)","Lord of the Rings: Tales of Middle-Earth (Showcase Scrolls)",ssltr,"Palantir de Orthanc","Palantir of Orthanc",1,NM,PTEN,M,C,,698,
"O Senhor dos Anéis: Contos da Terra Média (Showcase Scrolls)","Lord of the Rings: Tales of Middle-Earth (Showcase Scrolls)",ssltr,"Passolargo, Caminheiro do Norte","Strider, Ranger of the North",1,NM,PTEN,U,M,,683,
"O Senhor dos Anéis: Contos da Terra Média (Showcase Scrolls)","Lord of the Rings: Tales of Middle-Earth (Showcase Scrolls)",ssltr,"Patrulha de Cirith Ungol","Cirith Ungol Patrol",1,NM,PTEN,C,B,,531,
"O Senhor dos Anéis: Contos da Terra Média (Showcase Scrolls)","Lord of the Rings: Tales of Middle-Earth (Showcase Scrolls)",ssltr,"Pedra de Erech","Stone of Erech",1,NM,PTEN,U,C,,702,
"O Senhor dos Anéis: Contos da Terra Média (Showcase Scrolls)","Lord of the Rings: Tales of Middle-Earth (Showcase Scrolls)",ssltr,"Pequenina Deliciada","Delighted Halfling",1,NM,PTEN,R,G,,609,
"O Senhor dos Anéis: Contos da Terra Média (Showcase Scrolls)","Lord of the Rings: Tales of Middle-Earth (Showcase Scrolls)",ssltr,"Perdido para as Lendas","Lost to Legend",1,NM,PTEN,U,W,,473,
"O Senhor dos Anéis: Contos da Terra Média (Showcase Scrolls)","Lord of the Rings: Tales of Middle-Earth (Showcase Scrolls)",ssltr,"Peregrin Tuk","Peregrin Took",1,NM,PTEN,U,G,,632,
"O Senhor dos Anéis: Contos da Terra Média (Showcase Scrolls)","Lord of the Rings: Tales of Middle-Earth (Showcase Scrolls)",ssltr,"Pergaminho de Isildur","Scroll of Isildur",1,NM,PTEN,R,U,,520,
"O Senhor dos Anéis: Contos da Terra Média (Showcase Scrolls)","Lord of the Rings: Tales of Middle-Earth (Showcase Scrolls)",ssltr,"Pippin, Guarda da Cidadela","Pippin, Guard of the Citadel",1,NM,PTEN,R,M,,669,
"O Senhor dos Anéis: Contos da Terra Média (Showcase Scrolls)","Lord of the Rings: Tales of Middle-Earth (Showcase Scrolls)",ssltr,"Porrete Improvisado","Improvised Club",1,NM,PTEN,C,R,,588,
"O Senhor dos Anéis: Contos da Terra Média (Showcase Scrolls)","Lord of the Rings: Tales of Middle-Earth (Showcase Scrolls)",ssltr,"Portas de Durin","Doors of Durin",1,NM,PTEN,R,M,,650,
"O Senhor dos Anéis: Contos da Terra Média (Showcase Scrolls)","Lord of the Rings: Tales of Middle-Earth (Showcase Scrolls)",ssltr,"Pressionar o Inimigo","Press the Enemy",1,NM,PTEN,R,U,,516,
"O Senhor dos Anéis: Contos da Terra Média (Showcase Scrolls)","Lord of the Rings: Tales of Middle-Earth (Showcase Scrolls)",ssltr,"Principe Imrahil, o Belo","Prince Imrahil the Fair",1,NM,PTEN,U,M,,670,
"O Senhor dos Anéis: Contos da Terra Média (Showcase Scrolls)","Lord of the Rings: Tales of Middle-Earth (Showcase Scrolls)",ssltr,"Protetor de Gondor","Protector of Gondor",1,NM,PTEN,C,W,,476,
"O Senhor dos Anéis: Contos da Terra Média (Showcase Scrolls)","Lord of the Rings: Tales of Middle-Earth (Showcase Scrolls)",ssltr,"Queda Amarga","Bitter Downfall",1,NM,PTEN,U,B,,528,
"O Senhor dos Anéis: Contos da Terra Média (Showcase Scrolls)","Lord of the Rings: Tales of Middle-Earth (Showcase Scrolls)",ssltr,"Queda de Cair Andros","Fall of Cair Andros",1,NM,PTEN,R,R,,575,
"O Senhor dos Anéis: Contos da Terra Média (Showcase Scrolls)","Lord of the Rings: Tales of Middle-Earth (Showcase Scrolls)",ssltr,"Queda de Gil-galad","Fall of Gil-galad",1,NM,PTEN,R,G,,616,
"O Senhor dos Anéis: Contos da Terra Média (Showcase Scrolls)","Lord of the Rings: Tales of Middle-Earth (Showcase Scrolls)",ssltr,"Radagast, o Marrom","Radagast the Brown",1,NM,PTEN,M,G,,635,
"O Senhor dos Anéis: Contos da Terra Média (Showcase Scrolls)","Lord of the Rings: Tales of Middle-Earth (Showcase Scrolls)",ssltr,"Reagrupar no Forte da Trombeta","Rally at the Hornburg",1,NM,PTEN,C,R,,593,
"O Senhor dos Anéis: Contos da Terra Média (Showcase Scrolls)","Lord of the Rings: Tales of Middle-Earth (Showcase Scrolls)",ssltr,Reforjar,"Forge Anew",1,NM,PTEN,R,W,,468,
"O Senhor dos Anéis: Contos da Terra Média (Showcase Scrolls)","Lord of the Rings: Tales of Middle-Earth (Showcase Scrolls)",ssltr,"Rei dos Perjuros","King of the Oathbreakers",1,NM,PTEN,R,M,,662,
"O Senhor dos Anéis: Contos da Terra Média (Showcase Scrolls)","Lord of the Rings: Tales of Middle-Earth (Showcase Scrolls)",ssltr,"Rei-bruxo de Angmar","Witch-King of Angmar",1,NM,PTEN,M,B,,565,
"O Senhor dos Anéis: Contos da Terra Média (Showcase Scrolls)","Lord of the Rings: Tales of Middle-Earth (Showcase Scrolls)",ssltr,"Reivindicar o Precioso","Claim the Precious",1,NM,PTEN,C,B,,532,
"O Senhor dos Anéis: Contos da Terra Média (Showcase Scrolls)","Lord of the Rings: Tales of Middle-Earth (Showcase Scrolls)",ssltr,"Remedio dos Orcs","Orcish Medicine",1,NM,PTEN,C,B,,555,
"O Senhor dos Anéis: Contos da Terra Média (Showcase Scrolls)","Lord of the Rings: Tales of Middle-Earth (Showcase Scrolls)",ssltr,"Repreensao Austera","Stern Scolding",1,NM,PTEN,U,U,,522,
"O Senhor dos Anéis: Contos da Terra Média (Showcase Scrolls)","Lord of the Rings: Tales of Middle-Earth (Showcase Scrolls)",ssltr,"Resgate de Sauron","Sauron's Ransom",1,NM,PTEN,R,M,,676,
"O Senhor dos Anéis: Contos da Terra Média (Showcase Scrolls)","Lord of the Rings: Tales of Middle-Earth (Showcase Scrolls)",ssltr,"Resgate Desesperado de Sam","Sam's Desperate Rescue",1,NM,PTEN,C,B,,556,
"O Senhor dos Anéis: Contos da Terra Média (Showcase Scrolls)","Lord of the Rings: Tales of Middle-Earth (Showcase Scrolls)",ssltr,"Restauracao Entica","Entish Restoration",1,NM,PTEN,U,G,,614,
"O Senhor dos Anéis: Contos da Terra Média (Showcase Scrolls)","Lord of the Rings: Tales of Middle-Earth (Showcase Scrolls)",ssltr,"Revitalizar o Condado","Revive the Shire",1,NM,PTEN,C,G,,636,
"O Senhor dos Anéis: Contos da Terra Média (Showcase Scrolls)","Lord of the Rings: Tales of Middle-Earth (Showcase Scrolls)",ssltr,"Rivalidade Amigavel","Friendly Rivalry",1,NM,PTEN,U,M,,655,
"O Senhor dos Anéis: Contos da Terra Média (Showcase Scrolls)","Lord of the Rings: Tales of Middle-Earth (Showcase Scrolls)",ssltr,"Rohirrim Incansavel","Relentless Rohirrim",1,NM,PTEN,C,R,,595,
"O Senhor dos Anéis: Contos da Terra Média (Showcase Scrolls)","Lord of the Rings: Tales of Middle-Earth (Showcase Scrolls)",ssltr,"Rosa Villa da Alameda Sul","Rosie Cotton of South Lane",1,NM,PTEN,U,W,,478,
"O Senhor dos Anéis: Contos da Terra Média (Showcase Scrolls)","Lord of the Rings: Tales of Middle-Earth (Showcase Scrolls)",ssltr,"Salta-fogo Goblin","Goblin Fireleaper",1,NM,PTEN,U,R,,584,
"O Senhor dos Anéis: Contos da Terra Média (Showcase Scrolls)","Lord of the Rings: Tales of Middle-Earth (Showcase Scrolls)",ssltr,"Samwise Gamgi","Samwise Gamgee",1,NM,PTEN,R,M,,673,
"O Senhor dos Anéis: Contos da Terra Média (Showcase Scrolls)","Lord of the Rings: Tales of Middle-Earth (Showcase Scrolls)",ssltr,"Samwise, o Destemido","Samwise the Stouthearted",1,NM,PTEN,U,W,,479,
"O Senhor dos Anéis: Contos da Terra Média (Showcase Scrolls)","Lord of the Rings: Tales of Middle-Earth (Showcase Scrolls)",ssltr,"Sancao de Gandalf","Gandalf's Sanction",1,NM,PTEN,U,M,,659,
"O Senhor dos Anéis: Contos da Terra Média (Showcase Scrolls)","Lord of the Rings: Tales of Middle-Earth (Showcase Scrolls)",ssltr,"Saqueador de Moria","Moria Marauder",1,NM,PTEN,R,R,,589,
"O Senhor dos Anéis: Contos da Terra Média (Showcase Scrolls)","Lord of the Rings: Tales of Middle-Earth (Showcase Scrolls)",ssltr,"Saruman das Muitas Cores","Saruman of Many Colors",1,NM,PTEN,M,M,,674,
"O Senhor dos Anéis: Contos da Terra Média (Showcase Scrolls)","Lord of the Rings: Tales of Middle-Earth (Showcase Scrolls)",ssltr,"Saruman, o Branco","Saruman the White",1,NM,PTEN,U,U,,518,
"O Senhor dos Anéis: Contos da Terra Média (Showcase Scrolls)","Lord of the Rings: Tales of Middle-Earth (Showcase Scrolls)",ssltr,"Sauron, o Necromante","Sauron, the Necromancer",1,NM,PTEN,R,B,,557,
"O Senhor dos Anéis: Contos da Terra Média (Showcase Scrolls)","Lord of the Rings: Tales of Middle-Earth (Showcase Scrolls)",ssltr,"Sauron, o Senhor Sombrio","Sauron, the Dark Lord",1,NM,PTEN,M,M,,675,
"O Senhor dos Anéis: Contos da Terra Média (Showcase Scrolls)","Lord of the Rings: Tales of Middle-Earth (Showcase Scrolls)",ssltr,"Scadufax, Senhor dos Cavalos","Shadowfax, Lord of Horses",1,NM,PTEN,U,M,,678,
"O Senhor dos Anéis: Contos da Terra Média (Showcase Scrolls)","Lord of the Rings: Tales of Middle-Earth (Showcase Scrolls)",ssltr,"Segundo Cafe da Manha","Second Breakfast",1,NM,PTEN,C,W,,480,
"O Senhor dos Anéis: Contos da Terra Média (Showcase Scrolls)","Lord of the Rings: Tales of Middle-Earth (Showcase Scrolls)",ssltr,"Separacao da Sociedade","Breaking of the Fellowship",1,NM,PTEN,C,R,,568,
"O Senhor dos Anéis: Contos da Terra Média (Showcase Scrolls)","Lord of the Rings: Tales of Middle-Earth (Showcase Scrolls)",ssltr,"Shagrat, Carregador de Espolios","Shagrat, Loot Bearer",1,NM,PTEN,R,M,,679,
"O Senhor dos Anéis: Contos da Terra Média (Showcase Scrolls)","Lord of the Rings: Tales of Middle-Earth (Showcase Scrolls)",ssltr,"Smeagol, Guia Solicito","Smeagol, Helpful Guide",1,NM,PTEN,R,M,,682,
"O Senhor dos Anéis: Contos da Terra Média (Showcase Scrolls)","Lord of the Rings: Tales of Middle-Earth (Showcase Scrolls)",ssltr,"Sobrevivente de Pelargir","Pelargir Survivor",1,NM,PTEN,C,U,,515,
"O Senhor dos Anéis: Contos da Terra Média (Showcase Scrolls)","Lord of the Rings: Tales of Middle-Earth (Showcase Scrolls)",ssltr,"Soldado da Hoste Cinzenta","Soldier of the Grey Host",1,NM,PTEN,C,W,,483,
"O Senhor dos Anéis: Contos da Terra Média (Showcase Scrolls)","Lord of the Rings: Tales of Middle-Earth (Showcase Scrolls)",ssltr,"Sombra do Inimigo","Shadow of the Enemy",1,NM,PTEN,M,B,,558,
"O Senhor dos Anéis: Contos da Terra Média (Showcase Scrolls)","Lord of the Rings: Tales of Middle-Earth (Showcase Scrolls)",ssltr,"Tempestade de Saruman","Storm of Saruman",1,NM,PTEN,M,U,,523,
"O Senhor dos Anéis: Contos da Terra Média (Showcase Scrolls)","Lord of the Rings: Tales of Middle-Earth (Showcase Scrolls)",ssltr,"Terraco do Condado","Shire Terrace",1,NM,PTEN,C,L,,712,
"O Senhor dos Anéis: Contos da Terra Média (Showcase Scrolls)","Lord of the Rings: Tales of Middle-Earth (Showcase Scrolls)",ssltr,"Theoden, Rei de Rohan","Theoden, King of Rohan",1,NM,PTEN,U,M,,684,
"O Senhor dos Anéis: Contos da Terra Média (Showcase Scrolls)","Lord of the Rings: Tales of Middle-Earth (Showcase Scrolls)",ssltr,"Ticao do Caminheiro","Ranger's Firebrand",1,NM,PTEN,U,R,,594,
"O Senhor dos Anéis: Contos da Terra Média (Showcase Scrolls)","Lord of the Rings: Tales of Middle-Earth (Showcase Scrolls)",ssltr,"Tom Bombadil","Tom Bombadil",1,NM,PTEN,M,M,,685,
"O Senhor dos Anéis: Contos da Terra Média (Showcase Scrolls)","Lord of the Rings: Tales of Middle-Earth (Showcase Scrolls)",ssltr,"Trabuco de Mordor","Mordor Trebuchet",1,NM,PTEN,C,B,,548,
"O Senhor dos Anéis: Contos da Terra Média (Showcase Scrolls)","Lord of the Rings: Tales of Middle-Earth (Showcase Scrolls)",ssltr,"Traicao de Isengard","Treason of Isengard",1,NM,PTEN,C,U,,525,
"O Senhor dos Anéis: Contos da Terra Média (Showcase Scrolls)","Lord of the Rings: Tales of Middle-Earth (Showcase Scrolls)",ssltr,"Trilheira Wose","Wose Pathfinder",1,NM,PTEN,C,G,,641,
"O Senhor dos Anéis: Contos da Terra Média (Showcase Scrolls)","Lord of the Rings: Tales of Middle-Earth (Showcase Scrolls)",ssltr,"Trol de Khazad-dum","Troll of Khazad-dum",1,NM,PTEN,C,B,,562,
"O Senhor dos Anéis: Contos da Terra Média (Showcase Scrolls)","Lord of the Rings: Tales of Middle-Earth (Showcase Scrolls)",ssltr,"Trombeta da Marca","Horn of the Mark",1,NM,PTEN,R,C,,692,
"O Senhor dos Anéis: Contos da Terra Média (Showcase Scrolls)","Lord of the Rings: Tales of Middle-Earth (Showcase Scrolls)",ssltr,"Trombeta de Gondor","Horn of Gondor",1,NM,PTEN,R,C,,691,
"O Senhor dos Anéis: Contos da Terra Média (Showcase Scrolls)","Lord of the Rings: Tales of Middle-Earth (Showcase Scrolls)",ssltr,"Tronquesperto, Jovem Ent","Quickbeam, Upstart Ent",1,NM,PTEN,U,G,,634,
"O Senhor dos Anéis: Contos da Terra Média (Showcase Scrolls)","Lord of the Rings: Tales of Middle-Earth (Showcase Scrolls)",ssltr,"Ugluk da Mao Branca","Ugluk of the White Hand",1,NM,PTEN,U,M,,686,
"O Senhor dos Anéis: Contos da Terra Média (Showcase Scrolls)","Lord of the Rings: Tales of Middle-Earth (Showcase Scrolls)",ssltr,"Ultima Marcha dos Ents","Last March of the Ents",1,NM,PTEN,M,G,,623,
"O Senhor dos Anéis: Contos da Terra Média (Showcase Scrolls)","Lord of the Rings: Tales of Middle-Earth (Showcase Scrolls)",ssltr,"Um Anel Para Todos Governar","One Ring to Rule Them All",1,NM,PTEN,R,B,,553,
"O Senhor dos Anéis: Contos da Terra Média (Showcase Scrolls)","Lord of the Rings: Tales of Middle-Earth (Showcase Scrolls)",ssltr,Valfenda,Rivendell,1,NM,PTEN,R,L,,710,
"O Senhor dos Anéis: Contos da Terra Média (Showcase Scrolls)","Lord of the Rings: Tales of Middle-Earth (Showcase Scrolls)",ssltr,"Vanguarda dos Lestenses","Easterling Vanguard",1,NM,PTEN,C,B,,534,
"O Senhor dos Anéis: Contos da Terra Média (Showcase Scrolls)","Lord of the Rings: Tales of Middle-Earth (Showcase Scrolls)",ssltr,"Velho Salgueiro-homem","Old Man Willow",1,NM,PTEN,U,M,,668,
"O Senhor dos Anéis: Contos da Terra Média (Showcase Scrolls)","Lord of the Rings: Tales of Middle-Earth (Showcase Scrolls)",ssltr,"Vendaval Glorioso","Glorious Gale",1,NM,PTEN,C,U,,502,
"O Senhor dos Anéis: Contos da Terra Média (Showcase Scrolls)","Lord of the Rings: Tales of Middle-Earth (Showcase Scrolls)",ssltr,"Vento do Salgueiro",Willow-Wind,1,NM,PTEN,C,U,,527,
"O Senhor dos Anéis: Contos da Terra Média (Showcase Scrolls)","Lord of the Rings: Tales of Middle-Earth (Showcase Scrolls)",ssltr,"Vigia do Nimrodel","Nimrodel Watcher",1,NM,PTEN,C,U,,514,
"O Senhor dos Anéis: Contos da Terra Média (Showcase Scrolls)","Lord of the Rings: Tales of Middle-Earth (Showcase Scrolls)",ssltr,"Visao do Anel",Ringsight,1,NM,PTEN,U,M,,671,
"O Senhor dos Anéis: Contos da Terra Média (Showcase Scrolls)","Lord of the Rings: Tales of Middle-Earth (Showcase Scrolls)",ssltr,"Visao Longinqua Elfica","Elven Farsight",1,NM,PTEN,C,G,,612,
"O Senhor dos Anéis: Contos da Terra Média (Showcase Scrolls)","Lord of the Rings: Tales of Middle-Earth (Showcase Scrolls)",ssltr,"Voce Nao Pode Passar!","You Cannot Pass!",1,NM,PTEN,U,W,,489,
"O Senhor dos Anéis: Contos da Terra Média (Showcase Scrolls)","Lord of the Rings: Tales of Middle-Earth (Showcase Scrolls)",ssltr,"Warg Rosnador","Snarling Warg",1,NM,PTEN,C,B,,560,
